Volume,Roundness,Opacity,AmplitudeVariance,AmplitudeSkewness,MaxAmplitude,MinAmplitude,DryMassDensity,MaxPhase,MinPhase,PhaseVariance,PhaseSkewness,PhaseSTDLocalMean,PhaseSTDLocalVariance,PhaseSTDLocalSkewness,PhaseSTDLocalKurtosis,PhaseSTDLocalMin,PhaseSTDLocalMax,AmplitudeSTDLocalMean,AmplitudeSTDLocalVariance,AmplitudeSTDLocalSkewness,AmplitudeSTDLocalKurtosis,AmplitudeSTDLocalMin,AmplitudeSTDLocalMax,Labels
973.0979926471979,0.7207975192611161,12.37834912340788,0.00026369294742258585,-0.08596683885797321,0.060963497,-0.0465099,0.09064626183108865,3.4715936,-0.21402279,0.8714655847730353,-0.12857502640936638,0.28922709243557465,0.014779066328756854,0.41216716506229983,3.0139565904317736,0.042228475,0.71416193,0.009609979153002286,1.7519294458433866e-05,0.7136570568035939,3.1821741489662787,0.002552235,0.02587122,b'agg'
51.35972676511071,0.8181379928397721,12.503606356107271,0.00017930845701202904,-0.27160173685195643,0.03563925,-0.03583973,0.104476134049609,1.6222026,0.0587678,0.12351588612979221,0.0771783977784589,0.29308980305989585,0.009735470580071518,0.014878202387595482,2.2175822217622088,0.10476958,0.5115501,0.008890452751746545,1.785488074318957e-05,0.2683885096122095,2.1496071744616345,0.0013561721,0.019722816,b'agg'
1678.331611030869,0.6782774325912112,12.371470862303688,0.00039683042034026117,0.5695517736600374,0.08222895,-0.045803413,0.08373644236179531,4.0571795,-0.4421008,1.3354009656618024,-0.324213251041941,0.34627977291173556,0.03516382470353103,0.2627553444645203,2.1661085063689813,0.021228353,0.92858666,0.011339470698377128,3.5016027341667834e-05,1.2876269233557491,4.896440663184381,0.0020158403,0.035789706,b'agg'
54.594145544090004,0.8130703880923362,12.477202642531621,0.0003494743667721178,-0.4436413718102787,0.04866539,-0.05378689,0.1063315863220443,1.3525724,0.026625609,0.078417289770391,-0.32749634519979837,0.22364607311430432,0.01030012979461816,-0.16959812894937787,1.6300075681228001,0.045811784,0.3926726,0.012585587728591193,3.431102653083048e-05,1.0867050640099958,3.9457841971947483,0.0040868158,0.033577397,b'agg'
465.6615226703372,0.7931001194122189,12.42725423927823,0.00034365043264304474,0.4941425421351834,0.061923243,-0.037107576,0.08822375197013595,2.8805382,0.09529018,0.623752387286407,0.04271059114908822,0.267723993768258,0.01515733549747561,0.24807711653545475,2.3714099070280663,0.0362882,0.57806677,0.011731402313870551,3.488058582168494e-05,1.1254513977505316,4.285225251499111,0.0017871185,0.035351217,b'agg'
80.56427727860502,0.9492922917383392,12.316688226193799,0.00025058825064844644,-0.13785572739629234,0.0571232,-0.024092378,0.10908296687925144,1.9409864,-0.023486665,0.22443572164802422,-0.05944066887682638,0.31037762700294963,0.01294888327146146,0.2298665497236057,2.4099132785627306,0.0885048,0.6004316,0.011972397363104788,1.9706064142261348e-05,0.1978133020148716,2.153598074350513,0.0027362301,0.022267029,b'agg'
86.01421368274596,0.7948078778652096,12.392533111572266,0.0001578662679137954,0.24140479543646404,0.047552183,-0.0172228,0.07588574759578132,1.4311749,0.062315904,0.08296264127555142,-0.06591643630140946,0.22395811462402343,0.010045695017619306,-0.12742028726430044,1.661124371033367,0.04114254,0.39085087,0.009199947357177734,1.5035885980868913e-05,0.8230591126136364,3.5121292461075995,0.0022529636,0.022566218,b'agg'
34.654486917635246,0.8392467699842604,12.486529502139728,0.00020568218464270615,0.3459487998632966,0.031454064,-0.027923403,0.12319344895769503,1.3149884,0.2370718,0.0738375370319073,-0.14790700921491332,0.2726195511544586,0.01060325671464969,-0.17377206733339867,1.7178211739496798,0.096010216,0.45412678,0.009160188352985746,1.2585506714784946e-05,0.44055419674593377,2.4238604133196526,0.0019500391,0.018679228,b'agg'
57.579762878532414,0.8000960811870585,12.20056834973787,0.0005156851161724676,0.35684453775403413,0.08442584,-0.021446612,0.08203760494499304,1.3758868,0.09944848,0.10035249417421048,0.02762784185533394,0.2642795763517681,0.008371488127128157,-0.31489917636146064,2.1789652582743204,0.053213846,0.43700796,0.017228845546120093,4.079491491355593e-05,0.2479570294827059,2.6704177313608275,0.0034930177,0.03263302,b'agg'
120.9175020449181,0.6736791763827639,12.412086457807302,0.0002709608951597723,0.5332830634384093,0.05475086,-0.021279816,0.05744461056855698,1.5827744,0.10967888,0.08715690729272274,0.27910885171085403,0.2465390977750713,0.008302519339641542,-0.1960654345643918,1.816893763422456,0.07759464,0.42860648,0.010650943893896763,1.9434727515086874e-05,0.6607525079236544,2.8183068250958563,0.0025856378,0.022463111,b'agg'
513.2418370160544,0.8115015324487455,12.337253270801096,0.0006177950778911853,-0.2194652676225654,0.075177826,-0.059388425,0.11512062765563341,3.6340203,-0.18964885,1.1563124821103852,-0.044039060889441616,0.33791572234089073,0.026040963057813973,0.16145303530751262,2.3547054371866714,0.03629521,0.7713935,0.012407092411628452,6.07182657153442e-05,1.550609772573038,5.80050210909237,0.0020323882,0.04737588,b'agg'
20.899321341096957,0.9222578222635737,12.47988132515339,0.00017685903122230452,1.1026577285925863,0.035418417,-0.015404804,0.12406431732970373,1.2425926,0.20717146,0.0649820833790059,0.021413113979375484,0.2926006317138672,0.008464578463106739,-0.445318058015761,2.037422738546721,0.108611435,0.4414921,0.008158600089525936,2.011040472710619e-05,0.3799723681988968,1.7040112693493326,0.0014422165,0.017021624,b'agg'
306.523379669422,0.8871437925763541,11.931080764599061,0.0013811556431143931,-0.21807542491843887,0.13239016,-0.03036992,0.14152188444397595,3.7148948,-0.24381603,1.2301136129516086,-0.07676766644698962,0.41756464926044595,0.02330858898565236,-0.14280966060005576,2.3720846519634997,0.04963654,0.78995496,0.0217721676558591,0.00013073653234208182,0.7089488502273327,2.764240492218159,0.0029247985,0.05644269,b'agg'
85.3033524126406,0.7253168860067026,12.40548901984664,0.00020950826001353562,0.12585372913845247,0.051543158,-0.03168874,0.07656812049335518,1.0584146,0.16665527,0.031460873782634735,-0.7440782929036955,0.21555445630262798,0.013434544205665588,0.03403040245926025,1.3654024953108008,0.043179084,0.41179773,0.010589825967870333,1.621890623937361e-05,0.6674913590422379,3.016105891771073,0.0033737586,0.023487004,b'agg'
1047.7384260082588,0.690815499326561,12.345856832801749,0.00046375456810873294,0.4494263819016117,0.08178876,-0.028901516,0.06637240322370569,4.887316,-0.22949529,1.7402524221260904,0.5389075382294053,0.3760076400336869,0.035815330904705796,0.5703624968612605,2.8194279937894833,0.039202224,0.9812521,0.012450570797701494,3.550328225362618e-05,0.8198136627688536,3.2920002262379247,0.0017733042,0.033700895,b'agg'
78.75158103983642,0.8474715259622465,12.16966567500945,0.0010445957044953281,0.07977105509469204,0.10234747,-0.028254889,0.14232400683112498,2.6945662,-0.23127787,0.4348859077132636,0.5510264990854054,0.35495078794417845,0.020594141629907307,0.23811963446335066,2.99667250131443,0.04647521,0.7228368,0.019080894224105343,6.17538177947782e-05,0.4792625595386983,2.4853034706643014,0.0037385717,0.039105188,b'agg'
32.510055419484154,0.9992079717010244,11.98155799608552,0.0005467513860282252,-0.07363944812576295,0.09029079,-0.008284361,0.17937619915469546,1.6093026,0.17633605,0.14043917898404396,0.06072537062478898,0.2816737528597371,0.01142535101895952,-0.41674299465111536,2.354194711957151,0.046353985,0.47811437,0.01992842454588815,6.631518698344796e-05,0.383176200560236,2.3747563801939777,0.00550821,0.038679168,b'oof'
10.556289861064277,1.0990874816698983,12.440322490220659,0.003923541781577197,0.15498729787543114,0.12896356,-0.096911244,0.2375617466654471,1.4696053,0.15410863,0.1252121925354004,0.04933746934233515,0.3167922416429841,0.00885227458043532,-0.20787777071584082,2.34026497000942,0.087896414,0.48290777,0.03682875633239746,0.00010610464960336685,-0.16466964945113216,2.3256639503312364,0.012013832,0.055323392,b'oof'
552.7657236339113,0.7476175546492403,11.774435623478354,0.0017211539113623465,-0.40547676479902406,0.13638209,-0.049420852,0.06306380582553568,2.5116963,0.30630863,0.16057643727359608,0.5806062011951163,0.19906775801260673,0.0083873353452764,0.2461456678151018,1.9652960115534424,0.031062262,0.410944,0.01611446901726494,8.681550239905332e-05,1.5236429163542993,5.553185721928891,0.0028842369,0.055903494,b'oof'
20.022592441300365,0.8993451569921576,11.488509628007996,0.0009861193952106293,0.2901115650239099,0.1515802,0.017304042,0.1318506065478579,1.1026473,0.030476842,0.05493985130673363,-0.5167538158901571,0.26508464453355324,0.010362497965494792,-0.4655459476714261,1.6683567333370521,0.07613013,0.39870375,0.02682106000072551,0.0002744366015706744,1.0608389537171203,3.485979037766298,0.00506805,0.07265419,b'oof'
32.03614790608059,0.8936148347766842,12.411940331552543,0.0003960825453855489,-0.035286297710831964,0.0528189,-0.03770986,0.12582552362994695,1.5578363,-0.06985604,0.13877396834524056,0.2084315713696303,0.2962019178602431,0.004864289572364406,0.32232260051868034,2.986321304383997,0.15096195,0.48822695,0.01365751690334744,2.6662873814960842e-05,0.8496190187452745,3.719114201758001,0.0030698038,0.030284118,b'oof'
27.297072772045002,0.8900806912251086,11.504452244765094,0.0012826337798001015,0.3704641842910861,0.16978556,0.00611362,0.15171381719837837,1.6342491,0.17032687,0.13978655044346638,0.3970183780386475,0.30616762848938406,0.005707076151077062,-0.1899095262180302,2.511520147277123,0.12534134,0.4668749,0.02588323346611594,0.0002176187269083441,1.1836991321324144,3.9806630603110444,0.006836301,0.07370332,b'oof'
17.77153175263346,0.9358153563218007,12.3393718401591,0.0021634242113898784,0.13374124064489296,0.109148,-0.061112814,0.15889773148969527,1.1131752,0.08265812,0.07292555159881335,-0.2859410854557819,0.2408374786376953,0.00804818928742609,-0.30453665943145874,2.021632368792218,0.05030703,0.38580424,0.025517483552296955,8.925354155171819e-05,0.24105960353312633,2.1238093192960434,0.006219859,0.045444086,b'oof'
23.884938675539377,0.8603919498721777,11.714305114746093,0.0009047300705025273,-0.039823884575543464,0.13719302,-0.015502399,0.1342099544267867,1.212309,0.30808854,0.05591402130742227,0.01047502244857719,0.2565291748046875,0.007908258707292618,-0.24553691758572166,1.8510841212366758,0.091214634,0.3993739,0.024553581237792967,0.00013795941166820064,0.46213396201330575,2.650236221914115,0.004536846,0.057277963,b'oof'
13.03245661859787,1.0355436160371054,11.409372212935468,0.0009078760583376147,-0.21479636294596233,0.15046576,0.023787253,0.21258749003666502,1.7358695,0.114314795,0.18291204000256725,0.44104770278264327,0.35619023381447307,0.004222880933702607,-0.5940157802478585,3.5378987239921553,0.15153952,0.48512122,0.030489018985203335,0.00030599901279837813,0.6772349139607754,2.2891778430709664,0.0073906495,0.07049115,b'oof'
13.03245661859787,1.0672439308137514,12.296736122357963,0.0001981973461806774,-0.5285465065084575,0.04286629,-0.011951254,0.21763576783753005,1.3635277,0.19686177,0.10053462028503418,0.14682101076152748,0.2965632145947749,0.008846933841705323,-0.6167591306625941,2.790729853979184,0.04274623,0.45158976,0.009848011012124543,2.097472548484802e-05,0.21294580627848383,1.8999214890043614,0.0018286966,0.018355045,b'plt'
15.769272508503427,1.0419629416168734,12.538508415222168,2.5785191812449033e-05,0.01156571657500089,0.0076280753,-0.013599462,0.16202167067088225,1.4193374,0.1419364,0.11731310565062243,0.15542775594362646,0.2837227821350098,0.004777578392414132,-0.5570978510359754,2.5836039412873504,0.10825612,0.39677957,0.0040422528982162476,1.737743709001201e-06,-0.08532390033547739,2.519314253564871,0.001176705,0.007242855,b'plt'
30.187908603806715,0.9544757633441829,12.656267269237622,0.00031042631183351787,0.37015599570007485,0.019607844,-0.041851833,0.1369479040226271,1.4954504,0.19194481,0.10158968944938815,0.26394931256507187,0.2598770760201119,0.005930752170329191,-0.30761196791924356,1.8527666707339874,0.0785268,0.37155247,0.0100446786429431,1.6426689745414824e-05,0.16845271304390907,2.5358101246153075,0.0023952443,0.019868696,b'plt'
13.03245661859787,1.0607062970108116,12.46646114231385,0.0003308740754922231,-0.05677277577919964,0.037754096,-0.0380354,0.2465245749837703,1.9799799,0.19264428,0.2547484238942464,0.3526686750283869,0.40799728865476,0.006992503379782041,-0.9839057128066588,3.6086293393412086,0.13558964,0.5365869,0.01433291508979404,1.3978921439653883e-05,0.18188427448497413,1.994898648381578,0.007599896,0.021956746,b'plt'
20.47280457903375,1.0473009399878352,12.579010772705079,0.00011135443984981506,-0.3166414289255891,0.013338041,-0.027712122,0.1709200409161469,1.6529365,0.16675916,0.1751788354689075,0.3411891590351241,0.3099264221191406,0.004577274284055156,-0.9616711015230512,3.7725916001751365,0.10094716,0.41622287,0.006380013942718506,7.678203063175804e-06,0.12437216343369947,1.8419464442960067,0.0017745731,0.011260496,b'plt'
17.202842736549194,1.012521880035696,12.441821989974356,4.21915806402437e-05,-0.07140540435241084,0.02115347,-0.008856626,0.18069157935863606,1.2253675,0.08072299,0.06623076610877866,-0.2759468417988249,0.2373892621296208,0.00894482897930458,-0.06702482865930605,1.6351369804200608,0.072425574,0.3828113,0.005407948804095509,2.556018145816004e-06,0.27981592327752625,2.7317295570044804,0.0020501309,0.009592676,b'plt'
26.02937017369048,1.018739478790248,12.472914287022181,4.929432766043025e-05,0.37274807033890706,0.025682135,-0.012859005,0.14613484354949796,1.4424274,0.23528917,0.12840372538395065,0.1424907443709758,0.27358175005231583,0.005957859454395102,-0.6581920455901992,3.136125739325736,0.0620221,0.43190387,0.0056242040225437705,4.042743993320053e-06,0.7313064972499097,3.205980427179356,0.0014759867,0.011370098,b'plt'
9.596627146422069,1.0274662961581433,12.394410301657285,7.922500039317779e-05,0.054809435463871514,0.02676823,-0.012849135,0.24126768627883313,1.3979657,0.21120057,0.09297495796566918,0.25571390847580117,0.3104174445657169,0.008164813121159872,-0.2587772168470626,2.22475063567273,0.09060971,0.456636,0.0061630634700550755,7.312481535509938e-06,0.4335935968326173,2.424652971904033,0.0016060474,0.012890565,b'plt'
42.462113200958896,1.0010224617403807,12.489534734369634,9.920936880520036e-06,0.28138766982596874,0.009901603,-0.0067867795,0.111925657570319,1.1859494,0.16658597,0.060298798492600246,-0.23286945292932099,0.20285470145089285,0.009652740388944004,-0.035703632043451485,1.5415692998246395,0.029138025,0.3595363,0.0021234917771685256,4.323077750217314e-07,0.4146124490591289,2.6311893640142223,0.0009722558,0.0039234003,b'plt'
20.47280457903375,1.0624413594253694,12.47727929092035,0.00018073180232380258,0.21908111132561106,0.030029463,-0.022758992,0.1611434097473799,1.2299963,0.28089824,0.06435557662463579,0.0076541173384529135,0.24582441066338764,0.008955704384162778,-0.24278933369192776,1.8881580524455774,0.03371994,0.39793345,0.009432919626313497,6.893247491909099e-06,0.17450124868186323,2.5720821976051624,0.0039375257,0.015375079,b'plt'
17.060670482528124,1.043318644796976,12.368750349383488,0.0001667927564033922,-0.6031533817058544,0.030314025,-0.018247046,0.1608463195411346,1.3964201,0.22981858,0.10651499370359024,0.26371935385379824,0.2841109159950898,0.005057453546883925,-0.53754106396507,3.322441072879225,0.075748354,0.4249896,0.009266955830226435,1.1304878840609541e-05,0.18054074081260496,2.2014355792491336,0.0029433568,0.016182508,b'plt'
17.202842736549194,1.080625334111571,12.450953187613653,8.517940245244814e-05,0.3205740121478156,0.02729012,-0.011764706,0.16787429464859566,1.758821,0.0542995,0.22171050361965014,0.5434878777659489,0.3289378593707907,0.004859236012334409,-0.811069235281841,2.9908460725127717,0.13788198,0.4465489,0.005968790115981266,7.041421739141578e-06,1.1787935429870906,3.808552849175953,0.0021271694,0.014391587,b'plt'
15.769272508503427,1.0289658602254057,12.43569085357386,3.941663264952324e-05,0.011608808955172249,0.01951023,-0.009001786,0.19666704632962068,1.5228173,0.1658878,0.14309855743690772,0.06668573683674356,0.3152285934588231,0.007806780713575857,-0.7112923137758475,2.750858103403809,0.07253785,0.46171585,0.004460024177481275,2.120290581067955e-06,0.4342977766384492,2.5218583815175952,0.0017687073,0.008273917,b'plt'
18.76673753078094,1.0323454080649774,12.388319888357389,8.86158126159611e-05,-0.07656523874183849,0.02801717,-0.013018399,0.1796360918856393,1.7462395,0.13376273,0.1894603957477798,0.3407344115715669,0.32215402894100903,0.005103756219912798,-0.5475802428343544,3.6640605022361603,0.096086346,0.49148074,0.006079507076134116,6.219001514757546e-06,0.3643147504997096,2.2736636995650166,0.0014203376,0.012085723,b'plt'
17.060670482528124,1.0335680032568173,12.4619555923174,5.1726560507501875e-05,0.39682634379996856,0.02210416,-0.011699041,0.17737726277549276,1.7150333,0.1805232,0.16991377330961682,0.3987301316144441,0.3369686918438606,0.005109446956997826,-0.5652453217861327,3.052595246370443,0.11638178,0.46024677,0.004893699344599022,3.2772955906000875e-06,0.11738172149895468,2.2936387944112644,0.0015145122,0.009043493,b'plt'
14.33570228045766,1.0716414210118033,12.485475929415957,0.00011642694895722202,0.2121895812704125,0.027692085,-0.020330383,0.18726237242242985,1.7306933,0.18485315,0.17883721577752495,0.47464167428764403,0.3371263231549944,0.004741441343248505,-0.4887246258863538,3.117688155601945,0.16808379,0.48712528,0.008402694852984682,7.849492699138282e-06,0.29779921196550985,2.3637132032777264,0.0036543226,0.015926331,b'plt'
10.556289861064277,1.049690291482487,12.553549373851103,0.00015703361437079453,-0.7615054782768977,0.019451423,-0.04056134,0.22149617216110398,1.5654463,0.18713874,0.14925862493969144,0.33399094127532625,0.33880520988913143,0.005984495083491008,-0.6593906517659308,3.131383850208844,0.12708478,0.48283413,0.00885618995217716,1.859664362633512e-05,0.5024877350949458,1.8197521030863977,0.0024022723,0.017254943,b'plt'
22.02485168543041,1.0221657111354245,12.453637357617989,0.00013970257329546715,0.1353476983763244,0.026840739,-0.015544443,0.1459555597651921,1.452621,0.12905198,0.11438808756426347,0.31129706171984184,0.27117641636582673,0.004334325140172785,-0.44572427327588154,3.220028735043754,0.08694661,0.4054812,0.006597133444958046,6.955857330948607e-06,0.614031777336012,2.7710214201997574,0.001834492,0.012773919,b'plt'
18.76673753078094,1.0899410697504637,12.455484602186417,0.00011112333821325467,0.4443761295055621,0.027884135,-0.012799702,0.16966117318296758,2.0913246,0.075602725,0.2814242922026536,0.6565976545019483,0.36744207398504275,0.007223358442043436,-0.11512740845025894,2.9699438913568863,0.15219435,0.5658801,0.007494937660347702,7.434574493752985e-06,0.453257913990953,2.6021480018494554,0.0016865033,0.013941447,b'plt'
144.15081788952753,0.9800219887374969,12.244158658114346,0.0008399536778009019,0.8502011904744844,0.10528389,-0.03529412,0.14286242917013584,2.9412568,-0.08543116,0.6585572401320473,0.17335264697756278,0.3482764504172585,0.015882895041706892,0.05017806467758641,2.126344875003585,0.09555553,0.6072337,0.016897827928716486,9.997582788619474e-05,0.6837985977284425,2.665450173808328,0.0015773448,0.045289937,b'rbc'
137.88339102476547,0.9685487027490979,12.264264671547899,0.0005223933797683159,0.37630461787833286,0.069265604,-0.023937551,0.12281691676416762,2.563461,0.047178328,0.3992651500841127,0.005923159056485377,0.2980300014458814,0.022603190438300735,0.2946500625742323,2.204490082428724,0.04789074,0.65516406,0.01293489076558826,4.632243492307454e-05,0.7471547266496401,2.6902226357326984,0.002514835,0.03210192,b'rbc'
170.60670482528124,0.9255794958865174,12.28418034187302,0.0008089389884844422,0.6819350546278009,0.09482055,-0.025143744,0.13269532829708539,3.413361,0.013058053,0.6823559999465942,0.6555549803965898,0.31901422392787526,0.021940164268016815,0.2652279321877404,2.2924713393502807,0.061794627,0.65181065,0.013955062360559059,6.450746150221676e-05,0.7145030033652919,2.469068650184793,0.0024997909,0.039193492,b'rbc'
137.88339102476547,0.9359614437523487,12.155819635321624,0.0015748306018550221,0.20821432934730996,0.12753686,-0.03747713,0.13847692976299739,3.253282,0.06403004,0.5913689590081936,0.6485735271210281,0.37977908243518094,0.02420346795058832,-0.2178693967553994,2.4445406142697808,0.058888152,0.70937884,0.022672713528004297,8.139203234416682e-05,1.0661383450062136,4.2011411347470595,0.007500867,0.055559944,b'rbc'
150.41824475428962,0.9763376729441687,12.148810052252434,0.0012403824841381412,0.39095432425489707,0.12914301,-0.029589634,0.1467279946100659,2.937337,-0.09630917,0.5307732704146048,-0.1751529403800907,0.3646789484725886,0.022595895862372473,-0.28554269790220804,1.7904363536262404,0.062243126,0.60180956,0.02199054899669829,0.00013676188773033157,0.6678448489721006,2.7276702885353816,0.0042511327,0.05826383,b'rbc'
162.90570773247347,0.9494747317475218,12.288531039623503,0.0005065803525290256,-0.02974243899333957,0.07018126,-0.034120064,0.10412803783174528,2.298763,0.08691847,0.31424939251149386,0.3895613787145988,0.27538377477767617,0.013127353399801357,0.04722276427964082,2.055599409565258,0.05674044,0.5318107,0.013232516227884496,5.352609097830522e-05,0.7864743396024458,3.0324633125494014,0.0015881485,0.037754036,b'rbc'
144.16266557736267,0.9154659406230065,12.21311009345363,0.0012119946783022988,0.08076282384444122,0.10015818,-0.03885721,0.1290145987332026,3.2026007,0.056066323,0.7323575673852478,0.5838201627005366,0.3846588134765625,0.020658602441040952,0.012100664042272063,2.2243888022665814,0.067447886,0.67302835,0.020455758963058245,6.784898161590842e-05,0.3145085648401771,2.5135581696648086,0.0031493003,0.044173874,b'rbc'
150.13390024624752,0.9654978495660625,12.224792278810744,0.0010726272928267388,0.2617993539221661,0.09626149,-0.031154845,0.1246492217118318,2.9526608,0.047512118,0.5097783238156216,0.37388764744363756,0.32318390833648813,0.017381272305452798,0.06736405088522246,2.345148730844003,0.045526393,0.6296439,0.02094477388827286,8.629395669659243e-05,0.6039695755634599,2.5583164461596675,0.002912055,0.046221443,b'rbc'
156.95816843925874,0.9370808137007638,12.12012626931756,0.0009911891661192242,0.2395037901429425,0.12542894,-0.03724265,0.12131585821746908,2.6234546,-0.16688244,0.49791075053967926,0.022046188078320577,0.31240247062833354,0.020836319839745238,0.1932587404084013,1.907614222800093,0.049812347,0.5900646,0.0211726236656406,0.00015232375447164502,0.8742437505912116,3.068992349089595,0.0036444003,0.058365203,b'rbc'
163.78243663227,0.9694062657270591,12.209405704420439,0.001130771295668401,0.3698085127583735,0.10824828,-0.033413604,0.14248631177607504,3.5579052,-0.070307635,0.7746958976386759,0.6924299242519382,0.3541865134725765,0.024102507437177473,-0.07440258995583013,2.2256004294595675,0.052065834,0.6723196,0.017515342089594627,9.300771544559845e-05,0.9150370574258017,3.589410145652478,0.0021356323,0.050216936,b'rbc'
184.2078504599634,0.9539245408496073,12.14148325019075,0.000817286841412808,0.28352488944356097,0.1183802,-0.03546981,0.11471916432101038,3.218592,-0.008610873,0.6315329693733378,0.3060140505994928,0.3363482886312367,0.023143321909803026,0.18682954577517205,2.4696457632122506,0.02913366,0.68818814,0.018385065082784924,0.00012648704838245472,0.7973767055345077,2.9481955079605866,0.0018246177,0.051644407,b'rbc'
137.88339102476547,0.970691954964344,12.198625701129023,0.0006541890540608654,-0.24209247069118178,0.078044906,-0.03105702,0.1307645788382643,2.8284113,0.04622093,0.45620716942681205,0.43624380127565426,0.3094822132559902,0.02143912845187717,0.14283179212774327,2.741511370020371,0.019080076,0.6633057,0.016229288132031023,7.323927625461861e-05,0.43045872362669146,2.342597625443446,0.0014056705,0.03678153,b'rbc'
177.7153175263347,0.9600494000684368,11.982000869652955,0.001157769061976748,-0.3015663521447541,0.1318853,-0.04481591,0.15446121488210304,4.2637424,-0.20526177,1.4033044643156518,0.48590763126910497,0.45724389282487954,0.028682577763504226,0.20599056186079662,1.995510906849797,0.13175128,0.80578315,0.020302554014152836,0.000139684540263573,1.0094257671818232,3.8614925154269644,0.0028417313,0.061148357,b'rbc'
119.08111043047927,0.9019660898965819,12.066045698228773,0.0015873344148157713,-0.025951267976971736,0.13012639,-0.045724764,0.12839076103256253,2.7458355,0.009723739,0.5107417671476843,0.4691218365752237,0.3362711602514917,0.009483598152139627,-0.45043447369599454,2.774825208692611,0.089903176,0.540142,0.02316797958625542,0.00011245875565473698,0.6096361616125315,2.9166142444619925,0.0037243764,0.053807314,b'rbc'
162.90570773247347,0.7615663763213062,12.157191745678768,0.0010872102446026271,0.2392891646792505,0.117126144,-0.038233634,0.09520864600710219,2.1751351,-0.12982161,0.3601683157461661,0.09689571003496723,0.3035868937644342,0.012322295595098424,0.09491132621242471,2.477074457269086,0.084529184,0.58648217,0.020448010733166138,0.00010882167973452144,0.999658478447278,3.4722497307972975,0.004009875,0.052854,b'rbc'
150.13390024624752,0.9570265507330573,12.112221142924422,0.0010998682670683658,-0.053703533853341034,0.121037856,-0.034183085,0.14560344100715428,3.6366584,-0.12971014,0.9418713176419949,0.4090430255141239,0.41601609394623595,0.019760253870091733,0.1469010999484437,2.4656386970961077,0.08342687,0.74782884,0.019428979138674182,9.62247515882926e-05,1.0053477527238337,3.345111713310051,0.002517506,0.050428472,b'rbc'
125.34853729524133,0.9494805484700827,12.204033180519387,0.001390944760624725,0.1628220555285024,0.111840725,-0.03919382,0.1488817988297209,3.2903082,0.09794761,0.7131638479704904,0.6113933258357195,0.379596550081983,0.018963958957407732,-0.2751336750799289,2.521407723352398,0.049203634,0.6945649,0.02125310309139299,9.803276619698742e-05,0.7846907648077845,3.4672028879862893,0.003625449,0.05313146,b'rbc'
136.485363860225,0.9679099516887386,12.174901985597494,0.00113101573843582,0.27754109332583554,0.11368688,-0.038488254,0.11212492644524458,1.8225646,0.144418,0.21491508857876646,-0.42367631744598655,0.26810266919124387,0.016380990252775306,0.017058576824771066,1.628199601013202,0.056755003,0.50634426,0.02041425914811039,0.00014361482588391678,0.6224425248432454,2.589408118558446,0.003771344,0.05519996,b'rbc'
177.7153175263347,0.9321222160607774,12.16462228501413,0.0015013655026753744,0.20473196109236538,0.12236186,-0.039502826,0.12535647375543346,3.3532274,0.15745418,0.6697589874267578,0.6957826694297924,0.3388711211587188,0.018970906734466553,-0.1635486509050818,2.4159524354007327,0.035962615,0.6085423,0.02016629796018224,9.97247640043497e-05,0.8233938876741735,2.92607630184089,0.003915232,0.050746933,b'rbc'
150.41824475428962,0.9870837856311121,12.181902247548893,0.0007296035775041158,0.04858011148037986,0.09845279,-0.02957719,0.12529162186526094,2.999409,-0.029453512,0.48740386962890625,0.46541884791103344,0.30999614387158525,0.02005972693451738,-0.09197169903628923,2.4183975943125837,0.025614996,0.61584586,0.01692247601271202,9.182568606549659e-05,0.5871247347277615,2.4691680287234874,0.0016362659,0.044467,b'rbc'
156.68567161905167,0.9239035198780473,12.122211007030414,0.0008598391462293306,0.03570112769719759,0.11509474,-0.036378182,0.14381116512545788,3.1724322,-0.038478386,0.7122777848796271,0.4037878413464438,0.3529800317016863,0.016826208057321705,-0.3345594504250208,2.357978702249045,0.038501836,0.59664667,0.018580234535756406,8.032607642110325e-05,0.8939468733287868,3.6454154364615228,0.0038275176,0.048177745,b'rbc'
137.88339102476547,0.9670947736392632,12.129606584612834,0.0015941112161540298,0.321941093071947,0.13325123,-0.03529412,0.1301592817928655,2.6112993,-0.0085694585,0.5505378412114059,-0.11565150223898313,0.3466824618252841,0.01903077681287587,-0.08148896338928664,1.8841917962867114,0.0894807,0.59461457,0.0254279916936701,0.00019872201075085062,0.6562917732068967,2.471363035023238,0.002972857,0.061370846,b'rbc'
131.61596416000341,0.9676067949656182,12.031358962893174,0.0013172584366423921,0.3007502669074032,0.12899433,-0.02653467,0.1347267824725973,2.8790667,0.08651215,0.523942358206704,0.19795702102324514,0.3841679027746614,0.014348335915210984,-0.13563721783885774,2.5893438435394756,0.090227894,0.65877813,0.020995296946393602,0.0001406865633282986,0.8229381135379209,2.761520409568009,0.002659581,0.056404267,b'rbc'
156.95816843925874,0.9514948936275411,12.128018421731937,0.0007778189283736208,-0.3959521063667521,0.08312052,-0.031313583,0.12496469705283388,2.8480287,-0.09300268,0.4259624075382314,0.22629595733995844,0.33868097195959396,0.022868907197992852,0.5777605022823905,3.2165515970385017,0.070196666,0.7978388,0.01810001972627741,7.050732507350596e-05,0.45949594220444373,2.367763667539056,0.0028850331,0.038058206,b'rbc'
150.13390024624752,0.9399780797017635,12.225839778848364,0.0007567242835384378,0.21265267151163242,0.09584024,-0.037375625,0.12674820181598725,2.4791253,-0.16806744,0.42173933171901573,-0.2637979668118898,0.32448643472939054,0.02067766816707966,-0.0476771728373994,1.9695955590859164,0.068563685,0.61209226,0.015986006723809565,8.259144296992122e-05,0.576439406407628,2.8798195131907574,0.00052822503,0.04281448,b'rbc'
150.13390024624752,0.9674262845483306,12.435666152409144,0.0003818661574549323,0.2102646457774539,0.052811697,-0.044410553,0.17706640121722012,3.4729815,0.031327542,1.2209054831690436,0.04269662646727822,0.4278386320386614,0.034421039641036814,-0.3198948133441667,2.188688938949969,0.04477728,0.7714496,0.01199668858732496,2.618133188360756e-05,0.5838702657098702,2.9402434777986115,0.00102446,0.02674534,b'wbc'
341.5688402856152,0.9492711988010769,12.348400992384628,0.00024037552561531676,0.04230581369082003,0.05845269,-0.023529412,0.13846711640545387,3.6776855,-0.3894905,1.3235788548246343,-0.13243160010841187,0.3617171937250996,0.022815788045842597,-0.2997344809335995,2.0805167133306366,0.025455646,0.6285287,0.009858862812300603,2.334437313232016e-05,1.4635652838846605,5.264940412321186,0.0023935395,0.028470373,b'wbc'
170.60670482528124,0.9631283633135318,12.422137960821571,0.00019672645195837943,0.07282981862141912,0.04449849,-0.022206835,0.14993425143985506,3.137903,-0.080651976,0.8874334519909274,0.08382576454199431,0.3510192318461551,0.0174557585870066,-0.21110674217467867,2.3935638317103227,0.03961844,0.6291086,0.009092376985300474,1.3949512879574491e-05,0.8178313468188652,3.0792425708290314,0.002850658,0.020395067,b'wbc'
108.99872808281854,0.9726375740109146,12.475551442897066,0.00013239996631940205,0.40393627976922364,0.037265815,-0.020201469,0.15001207206222006,2.3680055,0.034854673,0.5015387369791666,-0.1396905236277009,0.31676744907460314,0.018322390238444012,-0.37619826261042116,2.0231197274345663,0.044595167,0.567932,0.008609969565208922,9.655689199765524e-06,0.24822406813465972,2.4077300214916413,0.0027155573,0.017245864,b'wbc'
162.90570773247347,0.9347879441896646,12.441730276965872,0.00031342823928761705,0.29867845307196816,0.045010205,-0.034475446,0.13778410386433085,3.0876894,0.13357359,0.7791393672194437,0.034530458220997734,0.36753599793760927,0.01658648753834662,-0.1587300265835551,2.1156250748073075,0.055417378,0.6088527,0.010481470948332672,2.028203839175055e-05,0.6298110242270958,2.915209548381332,0.0025553834,0.024161316,b'wbc'
162.90570773247347,0.9784509579505414,12.461567954934699,0.0001344074982972372,0.43463207004841375,0.03823397,-0.032394644,0.12301548091194721,2.4594562,-0.075469285,0.4834090063582251,-0.2973915710030076,0.2975515279090173,0.020880649616191915,0.03332836242279488,2.108563613201848,0.046812568,0.64442945,0.007712164398918399,2.378112640538257e-05,1.0467406391950815,3.895397439487098,0.0010236535,0.023507277,b'wbc'
363.9609702939333,0.9436318919043511,12.419609641276896,0.0002130472934559772,0.34227447346302736,0.047380682,-0.032888997,0.13696739181276116,3.5519207,-0.23365562,1.3316064131887335,-0.22026424963261323,0.3690457438044103,0.03891954923930921,0.126051539839605,2.2204087531145675,0.032588523,0.8649178,0.008256540035292918,2.2182831736771686e-05,1.5615495128792403,5.736628774157143,0.0008333244,0.029943256,b'wbc'
163.78243663227,0.9637374032221554,12.430224418640137,0.00014463309704137496,0.15493617259231662,0.03661049,-0.022168316,0.15896809372073908,3.1241198,-0.04324537,0.8161730676702766,-0.1592007338626203,0.3619084676106771,0.025929066731685886,-0.18438740356972821,1.8883771465860544,0.07290853,0.673247,0.008445961276690166,1.0885720166507991e-05,0.42031084546376574,2.76145507256043,0.0023539686,0.018732974,b'wbc'
412.8682256771806,0.914327072736511,12.3511967265905,0.0004113670884136948,0.12668094191797546,0.0664335,-0.04112681,0.15176253478658172,4.500069,-0.3256659,1.9063906144867673,-0.09201127648199017,0.4157172309027778,0.033846385170968524,0.00851740694386462,2.20146389951773,0.04963654,0.87356204,0.012739377494638824,4.214168700019709e-05,0.8901241203759915,3.070240288472762,0.0026152695,0.03157987,b'wbc'
126.15418006802742,0.9915752251925936,12.454910096234522,0.00011835530685465872,0.03345188124800435,0.031474885,-0.025034072,0.1378382738530702,2.0693536,-0.0060975547,0.3414331828578237,-0.34607254662366593,0.2683552307274575,0.020304136869439667,-0.06638992219990884,1.8336159346676495,0.030496283,0.58701384,0.008264316294813497,6.8067827007987285e-06,0.5001814450198525,3.144855853927469,0.0031217523,0.01634358,b'wbc'
163.78243663227,0.9891900670684275,12.486024475097656,0.0001805870082669841,-0.2189601454017378,0.03498297,-0.03511183,0.15747460799103313,2.9752798,0.016889013,0.8534766065333793,-0.019860440061720382,0.348173583984375,0.019288175808403918,-0.438909953415001,2.298084482650723,0.028651752,0.63033336,0.00887364387512207,2.1794706373988746e-05,0.39260916134558743,2.504909523929305,0.0013000569,0.02210428,b'wbc'
308.8810695486047,0.9391288351023831,12.320190766898307,0.0003910598088761748,0.2278244939265843,0.06662225,-0.036988955,0.17246593020541062,3.974769,-0.15213634,1.5565207495893845,-0.24697477237935941,0.41127090032588054,0.04580007318309399,-0.1401515388688533,1.873890217387462,0.021772454,0.8785967,0.012582915922554817,4.6994573182914595e-05,1.1014145621564069,4.251459559083929,0.002503807,0.0396196,b'wbc'
464.42936313548785,0.8916148722365009,12.285744828376727,0.0006615688449226766,-0.27552966164968545,0.07758995,-0.042692225,0.14269632480911032,4.659198,0.010873151,1.8811922556793634,0.1331637719335373,0.4010652425785745,0.02712538055560556,0.02909720336802207,2.4036750122567057,0.046482734,0.7925169,0.01390348506879203,5.732814047468423e-05,1.1401332435651526,3.8776709305529584,0.002385387,0.03892556,b'wbc'
410.87781412088566,0.9039090728719966,12.287500294058919,0.0003677032975589528,-0.447316585184267,0.06379122,-0.0351709,0.15717786430130948,4.666299,-0.2993906,1.9548621323529412,0.013884674876378256,0.414740556835708,0.02910476011388442,-0.08683207721236547,2.239410976088668,0.05122999,0.80347776,0.01193646566568054,3.575598492341883e-05,1.277833251378582,4.737028811456752,0.0027291202,0.034953948,b'wbc'
156.68567161905167,0.9872116898875413,12.46031262353809,0.00013839803546308036,-0.21610411526779033,0.032226417,-0.03728097,0.16597848564280265,3.2623854,-0.12401735,1.0044242521845193,0.09733222016023274,0.36840135348822645,0.0194508809162431,-0.3297824404110472,2.4270358803793273,0.042731352,0.6655842,0.007853489361688466,1.556008500626767e-05,0.9031172769806021,3.4319962175297243,0.00184623,0.022497697,b'wbc'
363.9609702939333,0.9498590867358083,12.382145577391038,0.0003559040376032242,0.3610020193809325,0.07665151,-0.031059597,0.17675820623237373,5.0253315,-0.29169837,2.491592561355745,-0.025342087334744183,0.46326876588607346,0.043524819191056066,0.018276394205059956,1.8006071872205245,0.06531736,0.88572884,0.010776986390314667,3.804232586513866e-05,1.4369067841865217,4.760675498489473,0.002146603,0.035194863,b'wbc'
388.2250349801955,0.9397113674981614,12.329366384458934,0.0003880432875162039,0.026287062047469924,0.0667329,-0.034111228,0.1775401577998041,4.6808047,-0.2324432,2.2964741591866136,-0.2027498394603201,0.44900725273483616,0.05201892537146314,0.24298271590745044,2.002816379001616,0.042600222,0.9552111,0.012862528651213843,4.115874656689646e-05,0.95091375794675,3.2220566308915255,0.0017560385,0.0333685,b'wbc'
114.94626737603325,0.9632633277676478,12.470493068942776,0.00014015831402502954,0.6811718649530484,0.036458537,-0.019607844,0.18174364759766595,2.9602056,0.030319594,0.7797648111979166,-0.07785902524749778,0.38693530590503245,0.026578202843666077,-0.4808496104289833,2.291383766239803,0.04614779,0.68068075,0.007774142475871297,1.6508267435710877e-05,0.8552666287848499,3.040407730805678,0.0017463746,0.02003543,b'wbc'
126.15418006802742,0.9741971400470342,12.484934189740349,0.00016617957713469019,0.11877775926851113,0.042927008,-0.03359222,0.16597722667621817,3.1769109,-0.09377413,0.8375198796110334,0.06589415313670373,0.36989340389476105,0.016114354133605957,0.030631209466570206,2.086749756322043,0.071631156,0.6411438,0.008222142948823816,2.1912166321615002e-05,1.7417806961575215,6.685508699244567,0.0012889917,0.028629664,b'wbc'
120.17109771130748,0.9618496984718583,12.468064610663685,0.00020638610986829962,0.1605444650476098,0.04244866,-0.026926467,0.1592877687248949,2.7077513,-0.015845604,0.705846693909284,-0.055074260306402174,0.34457161005126363,0.020953847366629294,-0.3414747423991108,2.002200116265783,0.044194173,0.6146507,0.009198123548567728,1.5629612551369134e-05,0.4800656920001042,2.5636218034759124,0.001302101,0.021398727,b'wbc'
256.28918324864475,0.9148279271922326,12.360406405683877,0.0006573067867184931,0.9979183523496911,0.099296145,-0.03524414,0.19978607285964153,5.0899343,-0.55837005,2.3050340450380986,0.1894595495698603,0.478897802380548,0.03641563160845088,0.13959912258861976,2.1028526101696263,0.100545794,0.93042475,0.01373241535131482,6.200177446332137e-05,1.15390017216696,3.6870703417293806,0.002513705,0.040098652,b'wbc'
154.82558462894275,0.8764200240535048,12.414473684210526,0.00011022382647679324,0.48689604704544376,0.043151855,-0.023529053,0.09567044283524409,1.7431641,0.020462036,0.2233649789029536,-0.18442878597258955,0.22166372198807566,0.008673901296366117,-0.1934696030223367,1.8991287467948619,0.038651813,0.40309408,0.007712547904566714,8.793707881987347e-06,0.4946983653070675,3.0536149550186047,0.0017537344,0.018256262,b'agg'
60.660161715655555,0.848477196482488,12.432065217391303,0.00010257297092013889,0.14714647618878543,0.035308838,-0.019607544,0.1299486413484539,2.0996094,0.14025879,0.27306547619047616,0.7780434208026165,0.2886543123147233,0.0061873675338805665,-0.9667052001631938,3.8230874728669333,0.05088881,0.42353266,0.006908412507400211,7.78265530243516e-06,0.5253402400557247,2.789629323367637,0.0014319217,0.015135215,b'agg'
15.401994185615665,0.9508681600642648,12.48686974789916,0.0001225875595868644,0.1296852099564825,0.027450562,-0.023529053,0.17812970610754691,1.5800781,0.008346558,0.1608845338983051,0.4450950884456847,0.3034426905527836,0.00486163416151273,-0.5417016807704321,2.854365795974644,0.08218628,0.43236032,0.007584421073689181,8.807555077818491e-06,0.38966913423144256,2.7652487004869832,0.0018772588,0.015322985,b'agg'
48.52812937252444,0.738421983281025,12.455610795454545,0.00012163434709821429,0.7485871241760694,0.039215088,-0.019607544,0.08417285924690852,1.4140625,-0.009063721,0.10714285714285714,0.2112722484448986,0.2616177038712935,0.004632529871804373,-0.31351446513844367,2.667285474693476,0.08982747,0.41532975,0.007340735332532363,1.587640361062118e-05,1.1255061685068515,3.451568083155447,0.0018772588,0.019517161,b'agg'
259.0615422020556,0.9392142784966964,11.166666666666666,0.0008877099853923206,-0.6111362729213169,0.17260742,0.011764526,0.08784863140640219,1.9941406,0.14697266,0.23497495826377296,-0.13156335452011875,0.21314683278401692,0.010152216546722565,0.026537865159820383,2.2814258860812506,0.01909007,0.4878442,0.021938125292460125,0.00022559731153892556,1.3361213793254498,3.946330416402653,0.0035947585,0.07329425,b'oof'
46.442936313548785,0.8847526439561983,11.959635416666668,0.0025476431746861926,-0.40648356890501774,0.14123535,-0.06274414,0.13966985144528904,1.4453125,-0.017578125,0.10689069037656904,-0.09127176467122652,0.232075564066569,0.006178243888471915,-0.25203674457032343,1.8113638777231815,0.07522617,0.35686943,0.0316349983215332,0.0001314513728209619,0.23573026658415117,2.61098623973157,0.0069303266,0.06333217,b'oof'
18.76673753078094,1.0323454080649774,12.400688559322035,0.00010752881694043803,-0.3753257121873199,0.03137207,-0.011764526,0.13338222224869542,1.359375,-0.02406311,0.1361511752136752,0.2259169557034634,0.26394186181537177,0.00389593610396752,-0.6417776260373336,2.8493364578257405,0.10193305,0.37028766,0.006740655939457781,7.485944487186324e-06,0.7533403853816241,2.815376303026046,0.0022493962,0.013563134,b'plt'
20.47280457903375,1.0473009399878352,12.50625,5.897398917905746e-05,0.4486357935804417,0.019607544,-0.015686035,0.13709976944279342,1.578125,-0.024337769,0.16418850806451613,0.466377280826509,0.2773139038085938,0.0031521185751884214,-0.4897282774601487,2.8244983591692727,0.11881841,0.40090436,0.005273680210113526,5.9141330571184235e-06,1.285810603595048,4.122295946987103,0.0019607386,0.01292762,b'plt'
15.769272508503427,1.0572860215160134,12.499999999999998,6.447182045326576e-05,-0.11357330008389996,0.019607544,-0.019607544,0.16167789736337096,1.4667969,0.012054443,0.17074887387387389,0.2531361251379585,0.29110496384756906,0.006804787360870086,-0.3671468562197167,2.4926066717338164,0.096910566,0.44262075,0.005979849823883602,5.303201399877801e-06,0.898025490673154,3.291902693802309,0.0020250431,0.013043884,b'plt'
18.76673753078094,1.0410940979638332,12.414653361344538,0.00024129576602224576,0.5554095892886485,0.047058105,-0.023529053,0.1509118150631828,1.8945312,0.1027832,0.24033368644067796,0.8030145751864972,0.33489563885857077,0.007023583024235095,-0.115306820436924,2.915613746550779,0.11149538,0.52899617,0.010309491838727678,1.499505804346527e-05,0.12477256770598334,2.2261814902372765,0.0030375621,0.018509693,b'plt'
184.2078504599634,0.9721873195867698,12.13163064833006,0.0017906849778543308,0.18976214698448868,0.12158203,-0.043151855,0.11347211991149106,3.1542969,-0.109375,0.6668307086614174,0.5382659524311939,0.3173554725871807,0.018932845648818128,0.1464393530135204,2.240069409106262,0.053102016,0.629317,0.023309612086807582,0.00014508052135077048,0.7059152099504361,2.609477181568071,0.0051428806,0.058059447,b'rbc'
120.17109771130748,0.9696126829174011,12.130614657210401,0.001574764884478673,0.893269215825522,0.1529541,-0.035308838,0.13189330562469512,2.7265625,-0.14550781,0.5980450236966824,0.12207328035910983,0.3300430983234523,0.022194247675168005,0.21373681502199884,2.187011889061943,0.030986877,0.6563823,0.024343932492231365,0.00021657856154780818,1.0862045389321326,3.9137880821856554,0.002370144,0.07185437,b'rbc'
163.78243663227,0.9777919070191452,12.037987679671458,0.002381124614197531,0.04797879848444916,0.1529541,-0.043151855,0.11958890482575747,2.8515625,0.011413574,0.5766460905349794,0.39305875419254593,0.3240367724910164,0.016205541390940978,0.023139981444027482,2.1456312054263624,0.05717688,0.5920754,0.031958644639784796,0.00016138465009599067,0.35398604638663334,2.697582656624658,0.0066406033,0.07009991,b'rbc'
207.28714636271673,0.9391579107282616,12.103271484375,0.0017486393101761252,0.4136698379879612,0.1529541,-0.054901123,0.11735967129825825,3.6386719,-0.18164062,1.0890410958904109,0.3593712140459088,0.39510226249694824,0.016420767498576246,0.014759592824242416,2.3236275657832315,0.0422772,0.6732612,0.024543767794966698,0.00017421339764287094,0.5518227035835132,3.0935490691995224,0.0024279342,0.06732618,b'rbc'
162.90570773247347,0.9595755267661124,12.118421052631579,0.0014339398734177216,-0.01183242199668609,0.11767578,-0.043151855,0.11101572035227826,2.9648438,-0.20959473,0.5595991561181435,0.6281061812898604,0.3119190738075658,0.019763350989748154,0.5627616422446297,3.1920868893775665,0.0267407,0.6890219,0.02156431097733347,0.00013256049420260177,0.8835022909745933,3.261843537667874,0.003650441,0.056739904,b'rbc'
199.92973221712649,0.9845516017097831,12.166962699822381,0.000908793927935943,-0.22875892760819272,0.09020996,-0.035308838,0.1048865356810877,2.1992188,-0.101745605,0.3663256227758007,-0.20394927719144187,0.2702541317440053,0.012643663060198476,0.21014969779491566,2.18553741358925,0.06732099,0.5517935,0.017335075256456067,9.22241748652e-05,0.7818077905929914,2.8610656626117765,0.002453659,0.04536012,b'rbc'
424.5737412582486,0.9486941022122062,12.376309662398137,0.0004208438046328671,0.12502010787900106,0.06665039,-0.035308838,0.14876771970879588,4.9296875,-0.40771484,2.5687645687645686,0.031016537619037155,0.4417890164571813,0.04907136308007585,0.2635635220419048,2.1517560455488134,0.03337924,1.0264981,0.013387765540232898,4.19833617054777e-05,1.049610236196089,4.469789432172349,0.0031102302,0.041005693,b'wbc'
61.41841373710125,1.0099271954996574,12.448979591836734,7.935821032914959e-05,0.2548404852574903,0.03137207,-0.015686035,0.11062746234527437,1.6201172,0.0076675415,0.21567622950819673,0.060580639052127745,0.24638942796356825,0.006670624506278116,-0.5638042042919096,2.4559420481461434,0.033765156,0.37837625,0.006714262281145369,6.339028973865216e-06,0.33920825362866247,2.4995481463319544,0.0019607386,0.013258536,b'wbc'
198.65018193093684,0.9632720638734431,12.441806331471136,0.0001601034135960821,0.44064976527272964,0.039215088,-0.019607544,0.14573179469177677,3.4238281,-0.056488037,1.2350746268656716,0.10237800513803043,0.38644650706143796,0.029058392368145843,-0.12735309476702925,2.0873011025175607,0.030089116,0.7694199,0.009034707337562377,1.4233663539165881e-05,0.7014408129245956,3.3462435859621316,0.0019607386,0.021671604,b'wbc'
351.8289379508022,0.904541592349297,12.382234185733513,0.00025253090254380054,0.7422588670294432,0.06665039,-0.023529053,0.0652128751255133,1.671875,-0.11175537,0.13283355795148247,-0.7695363295797979,0.17172682750594087,0.014998885820496757,0.714941466347582,2.455185021229662,0.017157141,0.5379982,0.010395463350483419,3.427926531297499e-05,1.1836068680383405,4.123687174051669,0.0017537344,0.032354966,b'wbc'
150.41824475428962,0.9869041010273617,12.46654175588865,0.00020576444306598713,0.403621114673343,0.043151855,-0.027450562,0.1147363722212745,2.09375,0.026641846,0.384656652360515,-0.15223586546983067,0.25081227729356265,0.013854752282727941,-0.26290288554851166,2.136089239136465,0.016192494,0.506643,0.010025913761310455,1.8188540020342038e-05,1.2403907681328434,5.308947199311972,0.0028185425,0.027807007,b'wbc'
