Volume,Roundness,Opacity,AmplitudeVariance,AmplitudeSkewness,MaxAmplitude,MinAmplitude,DryMassDensity,MaxPhase,MinPhase,PhaseVariance,PhaseSkewness,PhaseSTDLocalMean,PhaseSTDLocalVariance,PhaseSTDLocalSkewness,PhaseSTDLocalKurtosis,PhaseSTDLocalMin,PhaseSTDLocalMax,AmplitudeSTDLocalMean,AmplitudeSTDLocalVariance,AmplitudeSTDLocalSkewness,AmplitudeSTDLocalKurtosis,AmplitudeSTDLocalMin,AmplitudeSTDLocalMax,Labels
973.097992647198,0.7207975192611161,12.37834912340788,0.0002636929474225,-0.0859668388579732,0.060963497,-0.0465099,0.0906462618310886,3.4715936,-0.21402279,0.8714655847730353,-0.1285750264093663,0.2892270924355746,0.0147790663287568,0.4121671650622998,3.0139565904317736,0.042228475,0.71416193,0.0096099791530022,1.7519294458433866e-05,0.7136570568035939,3.1821741489662787,0.002552235,0.02587122,b'agg'
51.35972676511071,0.8181379928397721,12.503606356107271,0.000179308457012,-0.2716017368519564,0.03563925,-0.03583973,0.104476134049609,1.6222026,0.0587678,0.1235158861297922,0.0771783977784589,0.2930898030598958,0.0097354705800715,0.0148782023875954,2.2175822217622088,0.10476958,0.5115501,0.0088904527517465,1.785488074318957e-05,0.2683885096122095,2.1496071744616345,0.0013561721,0.019722816,b'agg'
1678.331611030869,0.6782774325912112,12.371470862303688,0.0003968304203402,0.5695517736600374,0.08222895,-0.045803413,0.0837364423617953,4.0571795,-0.4421008,1.3354009656618024,-0.324213251041941,0.3462797729117355,0.035163824703531,0.2627553444645203,2.1661085063689813,0.021228353,0.92858666,0.0113394706983771,3.5016027341667834e-05,1.2876269233557491,4.896440663184381,0.0020158403,0.035789706,b'agg'
47.983135732110334,0.8142417474079842,12.42235239269664,8.611600936912909e-05,0.1105210657199078,0.030695086,-0.014080872,0.1491762144797468,2.090093,0.27050662,0.241859584901391,0.7061577937479776,0.318556961504001,0.0072637930148985,-1.339628737701016,4.272971014631469,0.056965776,0.44269735,0.0061108070669822,6.783443571227353e-06,0.5803581533858198,2.71176231442322,0.0019381576,0.013421895,b'agg'
465.6615226703372,0.7931001194122189,12.42725423927823,0.000343650432643,0.4941425421351834,0.061923243,-0.037107576,0.0882237519701359,2.8805382,0.09529018,0.623752387286407,0.0427105911490882,0.267723993768258,0.0151573354974756,0.2480771165354547,2.3714099070280663,0.0362882,0.57806677,0.0117314023138705,3.488058582168494e-05,1.1254513977505316,4.285225251499111,0.0017871185,0.035351217,b'agg'
80.56427727860502,0.9492922917383392,12.3166882261938,0.0002505882506484,-0.1378557273962923,0.0571232,-0.024092378,0.1090829668792514,1.9409864,-0.023486665,0.2244357216480242,-0.0594406688768263,0.3103776270029496,0.0129488832714614,0.2298665497236057,2.40991327856273,0.0885048,0.6004316,0.0119723973631047,1.9706064142261348e-05,0.1978133020148716,2.153598074350513,0.0027362301,0.022267029,b'agg'
86.01421368274596,0.7948078778652096,12.392533111572266,0.0001578662679137,0.241404795436464,0.047552183,-0.0172228,0.0758857475957813,1.4311749,0.062315904,0.0829626412755514,-0.0659164363014094,0.2239581146240234,0.0100456950176193,-0.1274202872643004,1.661124371033367,0.04114254,0.39085087,0.0091999473571777,1.5035885980868912e-05,0.8230591126136364,3.5121292461075995,0.0022529636,0.022566218,b'agg'
34.654486917635246,0.8392467699842604,12.486529502139728,0.0002056821846427,0.3459487998632966,0.031454064,-0.027923403,0.123193448957695,1.3149884,0.2370718,0.0738375370319073,-0.1479070092149133,0.2726195511544586,0.0106032567146496,-0.1737720673333986,1.7178211739496798,0.096010216,0.45412678,0.0091601883529857,1.2585506714784946e-05,0.4405541967459337,2.4238604133196526,0.0019500391,0.018679228,b'agg'
57.579762878532414,0.8000960811870585,12.20056834973787,0.0005156851161724,0.3568445377540341,0.08442584,-0.021446612,0.082037604944993,1.3758868,0.09944848,0.1003524941742104,0.0276278418553339,0.2642795763517681,0.0083714881271281,-0.3148991763614606,2.1789652582743204,0.053213846,0.43700796,0.01722884554612,4.079491491355593e-05,0.2479570294827059,2.6704177313608275,0.0034930177,0.03263302,b'agg'
120.9175020449181,0.6736791763827639,12.412086457807302,0.0002709608951597,0.5332830634384093,0.05475086,-0.021279816,0.0574446105685569,1.5827744,0.10967888,0.0871569072927227,0.279108851710854,0.2465390977750713,0.0083025193396415,-0.1960654345643918,1.816893763422456,0.07759464,0.42860648,0.0106509438938967,1.943472751508688e-05,0.6607525079236544,2.8183068250958563,0.0025856378,0.022463111,b'agg'
513.2418370160544,0.8115015324487455,12.337253270801096,0.0006177950778911,-0.2194652676225654,0.075177826,-0.059388425,0.1151206276556334,3.6340203,-0.18964885,1.1563124821103852,-0.0440390608894416,0.3379157223408907,0.0260409630578139,0.1614530353075126,2.354705437186672,0.03629521,0.7713935,0.0124070924116284,6.07182657153442e-05,1.550609772573038,5.80050210909237,0.0020323882,0.04737588,b'agg'
20.89932134109696,0.9222578222635736,12.47988132515339,0.0001768590312223,1.1026577285925865,0.035418417,-0.015404804,0.1240643173297037,1.2425926,0.20717146,0.0649820833790059,0.0214131139793754,0.2926006317138672,0.0084645784631067,-0.445318058015761,2.037422738546721,0.108611435,0.4414921,0.0081586000895259,2.011040472710619e-05,0.3799723681988968,1.7040112693493326,0.0014422165,0.017021624,b'agg'
306.523379669422,0.8871437925763541,11.93108076459906,0.0013811556431143,-0.2180754249184388,0.13239016,-0.03036992,0.1415218844439759,3.7148948,-0.24381603,1.2301136129516086,-0.0767676664469896,0.4175646492604459,0.0233085889856523,-0.1428096606000557,2.3720846519635,0.04963654,0.78995496,0.0217721676558591,0.000130736532342,0.7089488502273327,2.764240492218159,0.0029247985,0.05644269,b'agg'
85.3033524126406,0.7253168860067026,12.40548901984664,0.0002095082600135,0.1258537291384524,0.051543158,-0.03168874,0.0765681204933551,1.0584146,0.16665527,0.0314608737826347,-0.7440782929036955,0.2155544563026279,0.0134345442056655,0.0340304024592602,1.3654024953108008,0.043179084,0.41179773,0.0105898259678703,1.621890623937361e-05,0.6674913590422379,3.016105891771073,0.0033737586,0.023487004,b'agg'
1047.7384260082588,0.690815499326561,12.345856832801749,0.0004637545681087,0.4494263819016117,0.08178876,-0.028901516,0.0663724032237056,4.887316,-0.22949529,1.7402524221260904,0.5389075382294053,0.3760076400336869,0.0358153309047057,0.5703624968612605,2.819427993789484,0.039202224,0.9812521,0.0124505707977014,3.550328225362618e-05,0.8198136627688536,3.2920002262379247,0.0017733042,0.033700895,b'agg'
42.6516762063203,0.6915442665828669,12.44611303790722,0.0001102943512562,0.6266364285295376,0.038533803,-0.015668979,0.0905912389344757,1.3704948,0.0907931,0.0872246905377036,0.1206849968160951,0.2786942525626787,0.0071530734237871,-0.1761417182992461,2.345457534848664,0.0826028,0.46177244,0.0068082154965868,1.4104393286336407e-05,0.9139934576205628,2.8077787588944867,0.0019238541,0.015813045,b'agg'
32.510055419484154,0.9992079717010244,11.98155799608552,0.0005467513860282,-0.0736394481257629,0.09029079,-0.008284361,0.1793761991546954,1.6093026,0.17633605,0.1404391789840439,0.0607253706247889,0.2816737528597371,0.0114253510189595,-0.4167429946511153,2.354194711957151,0.046353985,0.47811437,0.0199284245458881,6.631518698344796e-05,0.383176200560236,2.3747563801939777,0.00550821,0.038679168,b'oof'
10.556289861064275,1.0990874816698983,12.44032249022066,0.0039235417815771,0.1549872978754311,0.12896356,-0.096911244,0.2375617466654471,1.4696053,0.15410863,0.1252121925354004,0.0493374693423351,0.3167922416429841,0.0088522745804353,-0.2078777707158408,2.34026497000942,0.087896414,0.48290777,0.0368287563323974,0.0001061046496033,-0.1646696494511321,2.3256639503312364,0.012013832,0.055323392,b'oof'
22.02485168543041,0.879732784173931,11.470630282447452,0.0009272873688202,0.4012264523950241,0.150963,0.015914012,0.1189524919849551,1.1037169,0.14118043,0.055415194768172,-0.472980884606406,0.2699026380266462,0.0103611659545164,-0.5429509933581436,1.7962493278387366,0.07790293,0.40523908,0.0273757298787434,0.0002841021722325,1.0165509502124737,3.4293237522085342,0.00475949,0.07320279,b'oof'
215.9241107944966,0.9291470591695684,11.08811866236097,0.0005621070729614,-0.441143638644944,0.16511036,0.025805099,0.1005164831052258,1.9579428,0.33009288,0.18300227498917,-0.3039672650615513,0.2234116182982466,0.0157084528848272,0.1943533442144508,1.7798315157858455,0.01949215,0.46838433,0.0222145146086015,0.0003215426696646,1.3051436813204182,3.547699756100802,0.0032998146,0.075589076,b'oof'
32.03614790608059,0.8936148347766842,12.411940331552543,0.0003960825453855,-0.0352862977108319,0.0528189,-0.03770986,0.1258255236299469,1.5578363,-0.06985604,0.1387739683452405,0.2084315713696303,0.2962019178602431,0.0048642895723644,0.3223226005186803,2.986321304383997,0.15096195,0.48822695,0.0136575169033474,2.666287381496084e-05,0.8496190187452745,3.719114201758001,0.0030698038,0.030284118,b'oof'
27.297072772045,0.8900806912251086,11.504452244765094,0.0012826337798001,0.3704641842910861,0.16978556,0.00611362,0.1517138171983783,1.6342491,0.17032687,0.1397865504434663,0.3970183780386475,0.306167628489384,0.005707076151077,-0.1899095262180302,2.511520147277123,0.12534134,0.4668749,0.0258832334661159,0.0002176187269083,1.1836991321324144,3.980663060311045,0.006836301,0.07370332,b'oof'
17.77153175263346,0.9358153563218008,12.3393718401591,0.0021634242113898,0.1337412406448929,0.109148,-0.061112814,0.1588977314896952,1.1131752,0.08265812,0.0729255515988133,-0.2859410854557819,0.2408374786376953,0.008048189287426,-0.3045366594314587,2.021632368792218,0.05030703,0.38580424,0.0255174835522969,8.925354155171819e-05,0.2410596035331263,2.1238093192960434,0.006219859,0.045444086,b'oof'
23.884938675539377,0.8603919498721777,11.714305114746091,0.0009047300705025,-0.0398238845755434,0.13719302,-0.015502399,0.1342099544267867,1.212309,0.30808854,0.0559140213074222,0.0104750224485771,0.2565291748046875,0.0079082587072926,-0.2455369175857216,1.851084121236676,0.091214634,0.3993739,0.0245535812377929,0.0001379594116682,0.4621339620133057,2.650236221914115,0.004536846,0.057277963,b'oof'
38.0429256384707,0.875230404716694,12.05074532518109,0.0025408779702535,-0.2288022364964352,0.121544525,-0.05861303,0.162303257020125,1.426967,0.21324159,0.0755441805211509,-0.0665340535091178,0.2419974688187386,0.0104712451376566,-0.0356287489392204,1.583645591639301,0.05571943,0.40982437,0.0287563546189984,0.0001067952048487,0.182138859568393,2.400536286873748,0.0067979028,0.052951112,b'oof'
13.03245661859787,1.0672439308137514,12.296736122357965,0.0001981973461806,-0.5285465065084575,0.04286629,-0.011951254,0.21763576783753,1.3635277,0.19686177,0.1005346202850341,0.1468210107615274,0.2965632145947749,0.0088469338417053,-0.6167591306625941,2.790729853979184,0.04274623,0.45158976,0.0098480110121245,2.097472548484802e-05,0.2129458062784838,1.8999214890043608,0.0018286966,0.018355045,b'plt'
15.769272508503429,1.0419629416168734,12.538508415222168,2.578519181244904e-05,0.0115657165750008,0.0076280753,-0.013599462,0.1620216706708822,1.4193374,0.1419364,0.1173131056506224,0.1554277559436264,0.2837227821350098,0.0047775783924141,-0.5570978510359754,2.5836039412873504,0.10825612,0.39677957,0.0040422528982162,1.737743709001201e-06,-0.0853239003354773,2.519314253564871,0.001176705,0.007242855,b'plt'
30.187908603806715,0.9544757633441828,12.656267269237622,0.0003104263118335,0.3701559957000748,0.019607844,-0.041851833,0.1369479040226271,1.4954504,0.19194481,0.1015896894493881,0.2639493125650718,0.2598770760201119,0.0059307521703291,-0.3076119679192435,1.852766670733988,0.0785268,0.37155247,0.0100446786429431,1.6426689745414824e-05,0.168452713043909,2.5358101246153075,0.0023952443,0.019868696,b'plt'
13.03245661859787,1.0607062970108116,12.46646114231385,0.0003308740754922,-0.0567727757791996,0.037754096,-0.0380354,0.2465245749837703,1.9799799,0.19264428,0.2547484238942464,0.3526686750283869,0.40799728865476,0.006992503379782,-0.9839057128066588,3.608629339341209,0.13558964,0.5365869,0.014332915089794,1.3978921439653885e-05,0.1818842744849741,1.994898648381578,0.007599896,0.021956746,b'plt'
20.47280457903375,1.0473009399878352,12.57901077270508,0.0001113544398498,-0.3166414289255891,0.013338041,-0.027712122,0.1709200409161469,1.6529365,0.16675916,0.1751788354689075,0.3411891590351241,0.3099264221191406,0.0045772742840551,-0.9616711015230512,3.772591600175137,0.10094716,0.41622287,0.0063800139427185,7.678203063175804e-06,0.1243721634336994,1.8419464442960067,0.0017745731,0.011260496,b'plt'
17.202842736549194,1.012521880035696,12.441821989974356,4.21915806402437e-05,-0.0714054043524108,0.02115347,-0.008856626,0.180691579358636,1.2253675,0.08072299,0.0662307661087786,-0.2759468417988249,0.2373892621296208,0.0089448289793045,-0.067024828659306,1.6351369804200608,0.072425574,0.3828113,0.0054079488040955,2.556018145816004e-06,0.2798159232775262,2.7317295570044804,0.0020501309,0.009592676,b'plt'
26.02937017369048,1.018739478790248,12.47291428702218,4.929432766043025e-05,0.372748070338907,0.025682135,-0.012859005,0.1461348435494979,1.4424274,0.23528917,0.1284037253839506,0.1424907443709758,0.2735817500523158,0.0059578594543951,-0.6581920455901992,3.136125739325736,0.0620221,0.43190387,0.0056242040225437,4.042743993320053e-06,0.7313064972499097,3.205980427179356,0.0014759867,0.011370098,b'plt'
32.510055419484154,1.0014780936502343,12.486353345737337,1.0585505664587405e-05,0.166630055497113,0.010526628,-0.007471496,0.1348087016223414,1.1858133,0.31463328,0.0452232666504688,-0.258439255975265,0.2149741543326408,0.0137059459319481,0.088372374962879,1.4347204034433476,0.031876452,0.39297673,0.0022286412062918,5.46057727217722e-07,0.1908733988874897,2.454250527251384,0.00079051766,0.0041378015,b'plt'
24.02711092956044,1.0371953532566625,12.477554952291618,0.0001956577779668,0.3377888515913037,0.033687532,-0.025668895,0.1414069112566947,1.2340473,0.20582452,0.0750556353366736,0.0262686710474996,0.2374234020261836,0.006601535912716,-0.3597537732161575,2.253956544554712,0.038168482,0.37655044,0.0102519648415701,8.335022192279046e-06,-0.0606137081658037,2.4666739185139845,0.004109471,0.01696489,b'plt'
17.060670482528124,1.043318644796976,12.341961013936553,0.0001113100047662,-0.8460770491423597,0.028585542,-0.0147595825,0.1663684885906567,1.3753102,0.23221564,0.0956640603407373,0.2360701674863679,0.2796941382862697,0.0053763704479865,-0.5827676305781321,2.8149302855984444,0.077380896,0.4082843,0.0080023357801348,9.436176799870324e-06,0.243191129784012,2.058778841531677,0.0023798037,0.014206118,b'plt'
15.769272508503429,1.094061096208805,12.449681418282644,8.584974476924309e-05,0.2980150051617876,0.027365731,-0.011764706,0.174235605393319,1.7560563,0.058061864,0.2135526767143836,0.4619674320752695,0.3480948675246466,0.0039121915514652,-0.9763777984800658,3.7891997924784873,0.15071495,0.44659933,0.0058029316720508,7.25410847315708e-06,1.0668618687120146,3.4728861331715835,0.0020515062,0.013825888,b'plt'
17.202842736549194,1.0526781271948926,12.518391566993914,4.394775688914316e-05,0.3916020889571736,0.015664633,-0.015671501,0.1574535142446715,1.5661248,0.0876077,0.1458015441894531,0.4743225471133026,0.2888419902430171,0.0027115914438452,-0.510143536103843,3.720831668430955,0.1145887,0.40765882,0.0045782586114596,4.073615595448896e-06,1.106716031723614,3.69073855615528,0.0016310533,0.010769951,b'plt'
15.769272508503429,1.0289658602254057,12.43569085357386,3.941663264952324e-05,0.0116088089551722,0.01951023,-0.009001786,0.1966670463296206,1.5228173,0.1658878,0.1430985574369077,0.0666857368367435,0.3152285934588231,0.0078067807135758,-0.7112923137758475,2.750858103403809,0.07253785,0.46171585,0.0044600241774812,2.120290581067955e-06,0.4342977766384492,2.5218583815175952,0.0017687073,0.008273917,b'plt'
18.76673753078094,1.0323454080649774,12.388319888357389,8.86158126159611e-05,-0.0765652387418384,0.02801717,-0.013018399,0.1796360918856393,1.7462395,0.13376273,0.1894603957477798,0.3407344115715669,0.322154028941009,0.0051037562199127,-0.5475802428343544,3.66406050223616,0.096086346,0.49148074,0.0060795070761341,6.219001514757546e-06,0.3643147504997096,2.273663699565017,0.0014203376,0.012085723,b'plt'
17.060670482528124,1.0335680032568173,12.4619555923174,5.172656050750188e-05,0.3968263437999685,0.02210416,-0.011699041,0.1773772627754927,1.7150333,0.1805232,0.1699137733096168,0.3987301316144441,0.3369686918438606,0.0051094469569978,-0.5652453217861327,3.052595246370443,0.11638178,0.46024677,0.004893699344599,3.2772955906000875e-06,0.1173817214989546,2.2936387944112644,0.0015145122,0.009043493,b'plt'
11.847687835088974,1.0836224516388266,12.515668554620428,4.757591005828645e-05,-0.3430527457435081,0.012162348,-0.016722027,0.1995677438088939,1.4494843,0.17092244,0.1283271471659342,0.2367604935208044,0.3145527472862831,0.005662367078993,-0.6594047515247851,3.120433778076496,0.10018852,0.44988063,0.0046654088156563,4.272113437764347e-06,0.4098920735564891,2.2801399651255827,0.000806303,0.009009585,b'plt'
11.847687835088974,1.0743888865761928,12.376076051558572,0.0002092761529046,0.3605277954213987,0.043075074,-0.023448564,0.21514628451544,1.8582032,0.24392383,0.198199848796046,0.5831848338471685,0.3817158403067753,0.0044346933448037,-0.5309296212545707,3.313782522131252,0.1672161,0.5163125,0.0094109992871339,1.2213421097501766e-05,0.2110375174186351,2.686104605219452,0.0021472601,0.017807681,b'plt'
15.769272508503429,1.058065399174784,12.540750957670664,0.0001745168477869,-0.6380708805510442,0.02510035,-0.041049547,0.1614901516579866,1.5823808,0.07864677,0.1814033801739032,0.4371434918506239,0.3060315450032552,0.0060126403203377,-0.6788304019946716,2.3623244907132537,0.10528171,0.41417646,0.0091593464215596,2.3676243682320302e-05,0.7007346339688312,2.1104750088954103,0.0032538732,0.020180536,b'plt'
22.02485168543041,1.0221657111354243,12.451542400922932,0.0001271101068859,0.1307126505853138,0.026848048,-0.015636409,0.1455919403662793,1.4315703,0.20923328,0.1089601359091514,0.3737533208535839,0.2748338980752913,0.004674598205188,-0.4448734954525653,3.192689356270123,0.07468671,0.41314185,0.0062564572349923,6.919735388383885e-06,0.3396911657266482,2.684018593377487,0.0011401288,0.012492295,b'plt'
143.30963205323624,0.9746751805637978,12.26531411999854,0.0005235915580454,0.3599327146025915,0.070207834,-0.024101375,0.1216208698324687,2.5457685,0.0023632925,0.4070989532828051,-0.0059623529846069,0.2953737918461595,0.0219888173445047,0.3218397233838453,2.323096949008589,0.047926575,0.6657225,0.0128359783475644,4.774857687587202e-05,0.6686415064636403,2.5515864459974336,0.0025586023,0.03208446,b'rbc'
150.13390024624752,0.9800219825160336,12.124992717396127,0.0016013954114805,0.1257927358399085,0.116165,-0.04060129,0.1320876447444967,3.1489658,0.022992127,0.5787791467201737,0.572858380162747,0.3330059398304332,0.0197243571009885,-0.0381484351289017,2.1961794762354967,0.051535614,0.6371234,0.0216797590255737,0.0001139639789802,0.8750241717863335,3.1754628117772,0.0048753684,0.05470763,b'rbc'
170.60670482528124,0.9255794958865174,12.28418034187302,0.0008089389884844,0.6819350546278009,0.09482055,-0.025143744,0.1326953282970853,3.413361,0.013058053,0.6823559999465942,0.6555549803965898,0.3190142239278752,0.0219401642680168,0.2652279321877404,2.2924713393502807,0.061794627,0.65181065,0.013955062360559,6.450746150221676e-05,0.7145030033652919,2.469068650184793,0.0024997909,0.039193492,b'rbc'
137.88339102476547,0.9359614437523488,12.155819635321624,0.001574830601855,0.2082143293473099,0.12753686,-0.03747713,0.1384769297629973,3.253282,0.06403004,0.5913689590081936,0.6485735271210281,0.3797790824351809,0.0242034679505883,-0.2178693967553994,2.4445406142697808,0.058888152,0.70937884,0.0226727135280042,8.139203234416682e-05,1.0661383450062136,4.20114113474706,0.007500867,0.055559944,b'rbc'
99.52057781474736,0.979868160423153,12.137522393646664,0.0013037555747561,0.6652099893992782,0.14029135,-0.03510873,0.1560940015660258,2.680672,-0.026818618,0.4791578504774305,-0.001989473369938,0.3478331209219724,0.0221895880169338,0.0253302900936656,1.9013010028730235,0.04542853,0.63844216,0.0227612207470838,0.00016145505425,1.0916605201702545,3.828157768015376,0.0030394038,0.0633196,b'rbc'
163.78243663227,0.9572611249041753,12.160661312810271,0.0012436260982435,0.3757760451308658,0.12563139,-0.030225102,0.1380371257843252,2.934879,-0.17367722,0.5733427086654974,-0.1709534727928796,0.360303828284114,0.0210192544119698,-0.2343774789990651,1.921383560999735,0.07339871,0.6139419,0.0204002512448188,0.0001240695617636,0.7656236634399507,2.7408587222753,0.0037443961,0.054251093,b'rbc'
156.95816843925874,0.9637530464640028,12.288723445093142,0.0004901132864869,-0.0382817009877809,0.06965068,-0.033395834,0.1051812521116845,2.291877,0.086847,0.3138402633336715,0.4336359403133965,0.2709152518286818,0.012710326677793,0.1816876893302398,2.169861638630448,0.054454196,0.5292024,0.0139461397867223,5.868244996834627e-05,0.6902067387422823,2.7275196170048472,0.0012100518,0.03779232,b'rbc'
155.46535977203754,0.90696214176406,12.209300086611792,0.0012755712632063,0.1012365934349406,0.10191476,-0.03859235,0.1229196013039429,3.2053027,-0.03830112,0.7747559467761784,0.5296776241062844,0.387313479468936,0.0183331869667071,-0.0366861478810385,2.2804560036154835,0.080824934,0.666054,0.0209700470878964,7.263230057633293e-05,0.4906038099658183,2.8002262167251755,0.005711495,0.046641834,b'rbc'
137.88339102476547,0.9792297343394402,11.9854736328125,0.0021395146985709,-0.0657311119414446,0.14990456,-0.0429553,0.1344422284886128,2.837687,0.078081116,0.5233997976307546,0.3543053821195083,0.3354081264761991,0.0177574624548425,-0.0325903387327221,2.1757393256846083,0.05748296,0.65359575,0.031752011942309,0.0001451496321421,0.3043647811987799,2.658655513315416,0.00687177,0.06675271,b'rbc'
177.7153175263347,0.9437979647938254,12.098207596545569,0.0016020456949869,0.2530773133913228,0.13131262,-0.048186693,0.1382033813847734,3.6354644,-0.10560726,0.9769573252688172,0.2780408886459081,0.411989924222103,0.0121433124747327,0.0431277335010944,2.2500566381503213,0.17405403,0.6401005,0.0220267414535064,0.0001311955112282,0.3017099872367377,2.4338049599605,0.0015825486,0.053806536,b'rbc'
170.31051262940403,0.9634711253246484,12.202022012009513,0.0011125538084242,0.302227037933467,0.105029516,-0.03108648,0.1337899119412459,3.5432458,-0.018699946,0.7734607963405028,0.6866993854311201,0.3508356865916164,0.0236496552518365,0.0150634136675553,2.283258419895469,0.054359835,0.68498,0.0181331144955613,9.435720343158078e-05,0.6309770960961179,2.725126364611508,0.002648151,0.04735551,b'rbc'
192.21688743648352,0.957350362566227,12.157440185546877,0.0007825953465315,0.1732170390821178,0.105493665,-0.0377088,0.1154331517275849,3.2093463,-0.018120363,0.6362362523232737,0.3275073638929609,0.3301721952810613,0.0218619761928435,0.1972466554490547,2.5423634472227823,0.023150917,0.6742793,0.0168300797521948,9.696151039773418e-05,0.813059533451377,3.091208114124953,0.0020675668,0.047210485,b'rbc'
120.41989915584436,0.9732712584457532,12.17867892934608,0.0006411591755975,-0.2437438818466849,0.078475475,-0.030677777,0.1379423692118743,2.848207,0.010631502,0.4452892972021988,0.427820326570831,0.3228775848153318,0.0242209680301626,0.1994645635684378,2.7821560258700297,0.02178705,0.7057856,0.0168860957677689,8.002810237794808e-05,0.410501473861297,2.3018553397956976,0.001763571,0.03821072,b'rbc'
215.9241107944966,0.9539716043218988,11.99067410040079,0.001163322055362,-0.3000383330646013,0.13033228,-0.04619893,0.1437533066717735,4.25703,-0.20063053,1.4397970586737665,0.4663596906173944,0.4313234804288162,0.0266991478548813,0.0892214049160693,2.092877169523443,0.08421986,0.75822985,0.0203659862390681,0.0001512470358576,0.8965665231889852,3.35177452635393,0.0024785586,0.059118453,b'rbc'
103.21705641929516,0.9123774147033752,12.101938666366948,0.0016676519259764,0.049695848491798,0.13512598,-0.04624053,0.1299433002208356,2.7356877,0.032261092,0.5181150757209241,0.5088347188367752,0.3492499560844607,0.009720570450529,-0.2717313957918525,2.735429908803387,0.09156526,0.5624473,0.0232675220908188,0.0001194465347204,0.7977831151664087,3.194869135753569,0.004576416,0.057858896,b'rbc'
150.13390024624752,0.9570265507330572,12.112221142924422,0.0010998682670683,-0.053703533853341,0.121037856,-0.034183085,0.1456034410071542,3.6366584,-0.12971014,0.9418713176419948,0.4090430255141239,0.4160160939462359,0.0197602538700917,0.1469010999484437,2.465638697096108,0.08342687,0.74782884,0.0194289791386741,9.62247515882926e-05,1.0053477527238337,3.345111713310051,0.002517506,0.050428472,b'rbc'
120.41989915584436,0.9806134116547864,12.183301007306136,0.0011043371540485,0.3332866888228248,0.113243476,-0.037426364,0.1251023884860684,1.8128507,0.031946477,0.2269583409375483,-0.4846186696142752,0.2734488028067129,0.0176554139297787,0.0959231424750802,1.7725667150927604,0.055052496,0.56554997,0.0208752078774534,0.0001384262179974,0.4556542040047295,2.2786892533218546,0.0035358274,0.05119823,b'rbc'
148.0960979386122,0.9437905642987132,12.083313640676032,0.0013716304586047,-0.1436498755018371,0.11538216,-0.042886525,0.1205293742224058,2.9632638,0.015813967,0.4841309683663504,0.7067435053179453,0.3248008311219566,0.021492372240339,0.3885424489429607,2.990001324987341,0.022590771,0.6962304,0.0208649533378256,0.0001253067382744,0.9352259792353036,3.499574193793882,0.003067791,0.055244986,b'rbc'
177.43097301829252,0.9282986111550432,12.162346224631031,0.000714433554447,0.0628839262078928,0.09406442,-0.031102523,0.1168699558963587,2.9995525,-0.048446286,0.4844150735874368,0.4471464049810028,0.2982307864773658,0.0190405277290729,-0.1373041569873092,2.3136874085610053,0.025242457,0.5887848,0.0159186461279469,8.00793520127884e-05,0.6273209767218701,2.48759498090942,0.0014658396,0.04004183,b'rbc'
137.62274189239355,0.94799137854768,12.15234986741885,0.0008973636447566,0.0611800957768298,0.1116412,-0.036384698,0.1478626337409498,3.1690514,-0.15525784,0.7529076005770191,0.4034736061687504,0.3633700916055666,0.0182703031252508,-0.1464620171716457,2.28321352368788,0.048130434,0.6290007,0.0202330934702671,9.571242073899534e-05,0.8606181946433958,3.3119189072643698,0.0039544394,0.04942306,b'rbc'
184.25524121130377,0.9648380015120588,12.140624332790592,0.0007255304995037,-0.3654937002439171,0.08317832,-0.030863822,0.1174765181894149,2.1835659,0.059518427,0.2753551083519345,-0.2847799727955785,0.2715257129741712,0.0142073186238606,0.0655600855045666,1.8696916842043103,0.05674044,0.53831595,0.014836547945842,7.108947350865318e-05,0.9934448516212248,3.5582655206996145,0.001984472,0.039948367,b'rbc'
137.88339102476547,0.9670947736392632,12.129606584612834,0.001594111216154,0.321941093071947,0.13325123,-0.03529412,0.1301592817928655,2.6112993,-0.0085694585,0.5505378412114059,-0.1156515022389831,0.3466824618252841,0.0190307768128758,-0.0814889633892866,1.884191796286712,0.0894807,0.59461457,0.0254279916936701,0.0001987220107508,0.6562917732068967,2.471363035023238,0.002972857,0.061370846,b'rbc'
131.6159641600034,0.9676067949656182,12.031358962893174,0.0013172584366423,0.3007502669074032,0.12899433,-0.02653467,0.1347267824725973,2.8790667,0.08651215,0.523942358206704,0.1979570210232451,0.3841679027746614,0.0143483359152109,-0.1356372178388577,2.589343843539476,0.090227894,0.65877813,0.0209952969463936,0.0001406865633282,0.8229381135379209,2.761520409568009,0.002659581,0.056404267,b'rbc'
156.95816843925874,0.9514948936275412,12.128018421731936,0.0007778189283736,-0.3959521063667521,0.08312052,-0.031313583,0.1249646970528338,2.8480287,-0.09300268,0.4259624075382314,0.2262959573399584,0.3386809719595939,0.0228689071979928,0.5777605022823905,3.2165515970385017,0.070196666,0.7978388,0.0181000197262774,7.050732507350596e-05,0.4594959422044437,2.367763667539056,0.0028850331,0.038058206,b'rbc'
150.13390024624752,0.9399780797017636,12.225839778848364,0.0007567242835384,0.2126526715116324,0.09584024,-0.037375625,0.1267482018159872,2.4791253,-0.16806744,0.4217393317190157,-0.2637979668118898,0.3244864347293905,0.0206776681670796,-0.0476771728373994,1.9695955590859164,0.068563685,0.61209226,0.0159860067238095,8.259144296992122e-05,0.576439406407628,2.8798195131907574,0.00052822503,0.04281448,b'rbc'
150.13390024624752,0.9674262845483306,12.435666152409144,0.0003818661574549,0.2102646457774539,0.052811697,-0.044410553,0.1770664012172201,3.4729815,0.031327542,1.2209054831690436,0.0426966264672782,0.4278386320386614,0.0344210396410368,-0.3198948133441667,2.188688938949969,0.04477728,0.7714496,0.0119966885873249,2.618133188360756e-05,0.5838702657098702,2.9402434777986115,0.00102446,0.02674534,b'wbc'
341.5688402856152,0.9492711988010768,12.348400992384628,0.0002403755256153,0.04230581369082,0.05845269,-0.023529412,0.1384671164054538,3.6776855,-0.3894905,1.3235788548246343,-0.1324316001084118,0.3617171937250996,0.0228157880458425,-0.2997344809335995,2.0805167133306366,0.025455646,0.6285287,0.0098588628123006,2.334437313232016e-05,1.4635652838846605,5.264940412321186,0.0023935395,0.028470373,b'wbc'
120.17109771130748,0.9435767267139168,12.474722195165764,0.0001270982061887,0.3554156906519283,0.03476118,-0.021239614,0.1336000528296664,2.3651648,-0.019337224,0.5361685616629465,-0.0853092909134088,0.3102825737987775,0.0178999417788022,-0.2537574677656122,2.0589027449398656,0.044015426,0.60193956,0.0081120766506293,9.38054948271095e-06,0.2500863591619479,2.2356492896138485,0.001507557,0.01532311,b'wbc'
137.62274189239355,0.9814442465868972,12.44142340273712,0.0003063517836897,0.2802106011103061,0.04621358,-0.033978492,0.1607364671657913,3.1022577,0.04577195,0.8023109973316461,0.0285065977751433,0.3716765142436329,0.0154993410961169,-0.2998314723057492,2.0993904807472905,0.06162308,0.59464794,0.0108494233750068,1.938484976409187e-05,0.4807038076060881,2.926460562978791,0.002404834,0.024449445,b'wbc'
176.19881348344327,0.9432816124789224,12.465584068967583,0.0001375407144263,0.4419777775913528,0.039568435,-0.03202138,0.1172685476521738,2.4358988,0.012309295,0.4325272109482314,-0.3441131768974513,0.2998988502903988,0.0213170900449648,-0.0926518177768106,1.881979701657149,0.053597774,0.59466946,0.0077882414324241,2.40834327516975e-05,1.10921848864046,4.026251523767552,0.001075732,0.024594728,b'wbc'
374.1618295199449,0.927244708640445,12.415888604837663,0.000227378609845,0.3400949194004625,0.048540562,-0.028935745,0.1394478685687072,3.5467482,-0.17068258,1.2984881388866687,-0.2530418797030643,0.3645328994302761,0.0388871239274359,0.147851876475745,2.285245362131548,0.032101043,0.86128753,0.0085909327023483,2.4332843549416194e-05,1.379745328402248,4.869086319742949,0.0012113062,0.029578019,b'wbc'
374.1618295199449,0.9448718790120448,12.375444627496512,0.0003725327110791,0.0413582987967726,0.064427435,-0.034880634,0.1596989355992067,4.902112,-0.28850845,2.35084804379517,-0.0260499529412244,0.464929215238476,0.0454684845251416,0.1943101119654946,2.1383593790110416,0.07942922,0.99885154,0.0120106231509231,3.878614141969267e-05,1.2621059805513906,5.276457521005552,0.0024524012,0.039634313,b'wbc'
163.78243663227,0.9637374032221554,12.430224418640137,0.0001446330970413,0.1549361725923166,0.03661049,-0.022168316,0.158968093720739,3.1241198,-0.04324537,0.8161730676702766,-0.1592007338626203,0.3619084676106771,0.0259290667316858,-0.1843874035697282,1.8883771465860544,0.07290853,0.673247,0.0084459612766901,1.0885720166507991e-05,0.4203108454637657,2.76145507256043,0.0023539686,0.018732974,b'wbc'
47.93574498077,0.9751634835658624,12.444382875703916,7.017603980339303e-05,0.3509152557595452,0.030248944,-0.015619305,0.1296508084178552,1.6113915,0.11428293,0.1696077463578204,-0.1021923251378903,0.2669915523625872,0.0103274437845969,-0.2599402492099529,2.2088609658891776,0.036598735,0.4648652,0.0061039222678557,5.25557920716855e-06,0.2463181848420589,2.226477489854364,0.0016940886,0.011364631,b'wbc'
400.3570673233267,0.9032260357861938,12.36768824108959,0.0004011094570159,0.1477582887382581,0.06787674,-0.039801143,0.1596637381208355,4.4916506,-0.25122222,1.8428168274215049,-0.0742615939964247,0.4117132604474852,0.0317966316548569,-0.0121867597278649,2.206055427455232,0.052659575,0.85136646,0.0121391578538883,3.967635439470481e-05,0.9442177964714962,3.151144506582759,0.002155907,0.03101177,b'wbc'
150.13390024624752,0.9846498947920124,12.45405116431697,0.0001274041798231,0.082121465534979,0.032824118,-0.025055554,0.1190939152750516,2.0736794,-0.103652515,0.3841511522020612,-0.3094931112762387,0.2660442598678487,0.0192609301635197,-0.0349848496513488,1.884850593125369,0.032266982,0.5804482,0.0085398508339522,8.05306003063119e-06,0.4178340802873484,3.0272173636424946,0.002233951,0.01725074,b'wbc'
137.62274189239355,0.9934218346228094,12.498581909449156,0.0001700795791317,-0.1985312341374373,0.030901033,-0.034335405,0.1834551639830333,2.9817543,0.106149934,0.743675164416828,-0.0964219266884855,0.3601592950210402,0.0215149432156993,-0.476249899958959,2.277049763105346,0.03477806,0.6427498,0.0088436661440278,1.967159528450101e-05,0.3349660437295426,2.428261404374548,0.0013473639,0.020930482,b'wbc'
341.2134096505624,0.9211117773015008,12.318440252534744,0.000385509765086,0.2361994349671406,0.06672409,-0.03741307,0.1634117587807075,3.9801528,-0.23659088,1.6099510192871094,-0.2467179150135979,0.4001281500172708,0.0449692755937576,-0.1269103747591247,1.8382169405309712,0.021132296,0.8712435,0.0122597859336743,4.738247177253167e-05,1.02864900923796,4.000543580221237,0.0018659289,0.03909944,b'wbc'
486.58453938710426,0.8771741675204774,12.30041362621166,0.0007104191967952,-0.222736160624043,0.077944,-0.045336764,0.1331646487999246,4.664501,0.026034487,1.922441926781576,0.1516690959780622,0.4047307261714228,0.0289407555501679,0.0862619596729323,2.516186388866663,0.040267862,0.8314138,0.0142993419258682,6.053696450187047e-05,1.190986650791627,3.994134470669196,0.0028948945,0.040643502,b'wbc'
363.9609702939333,0.9498590867358084,12.386311438465478,0.0003696285715006,0.4073046224544268,0.0793408,-0.031233441,0.1679732479786769,5.028387,-0.3963248,2.6646562056107954,0.025488562727396,0.467464721217883,0.0474936360060566,0.0608925270394474,1.8229499366333488,0.062402267,0.9131788,0.0114759382654408,4.00764284410862e-05,1.3792683743948837,4.6473454528446885,0.0020940143,0.03708067,b'wbc'
375.7257243141767,0.953024869753153,12.33351932832054,0.0003844123759191,-0.0472759460734056,0.06493258,-0.032616537,0.1886036303262221,4.6884274,-0.18255731,2.226869383058348,-0.2012505308827129,0.44364103199578,0.0485001855241113,0.2414415231210782,1.949127333676488,0.045976635,0.91427183,0.0122544562858252,3.483630326035973e-05,1.1649478173191907,4.22762103244587,0.0024191414,0.035036255,b'wbc'
131.88846098021048,0.9678433420796791,12.474822998046877,0.000120364937861,0.6638958847073284,0.032021932,-0.019607844,0.168222238694934,2.935513,-0.016698418,0.8219515962420769,-0.0415720704544659,0.3706257180606617,0.0246973667504652,-0.4317157418825317,2.355886879665396,0.04050714,0.66329956,0.0067007266773897,1.4319566719866586e-05,0.9832079505137687,3.450371367735395,0.0015583206,0.019403307,b'wbc'
114.94626737603323,0.957379144592348,12.495529253256043,0.0001713463786951,0.2146257050167352,0.04505092,-0.03525728,0.1804080989889165,3.1879108,0.067594565,0.7402892751792043,0.022945018744255,0.3838800660748714,0.0161626879701909,-0.0947480700767385,2.049271691395969,0.06719053,0.6291106,0.0090180540452579,2.175074109097117e-05,1.5269181184016305,5.83868409773614,0.0015933526,0.029091617,b'wbc'
307.4119562570537,0.8843370487546358,12.37772129736106,0.0002221520820287,0.7564880563730121,0.057634477,-0.021418188,0.0697665050170063,1.6541228,-0.082053386,0.1034781273375166,-0.9041797597506548,0.1757617307903191,0.0185023238231345,0.7076160795131744,2.154292174767294,0.016097985,0.52501434,0.0095120243309842,3.096285788483895e-05,1.166325462647175,4.012167742271156,0.0018970714,0.030470997,b'wbc'
137.62274189239355,0.986703963106408,12.465419726231836,0.0001759344366341,0.2899474518002699,0.03786591,-0.025457546,0.1264297131394468,2.082615,0.11841385,0.3335697985342725,-0.2149442335661074,0.2526965001366746,0.0144891987019534,-0.3492044522620179,2.084443098621151,0.016740762,0.50471663,0.0090389337819532,1.4668941598941835e-05,1.1561703917747497,4.902465852224503,0.0022718385,0.024289824,b'wbc'
256.28918324864475,0.9148279271922326,12.360406405683875,0.0006573067867184,0.9979183523496912,0.099296145,-0.03524414,0.1997860728596415,5.0899343,-0.55837005,2.3050340450380986,0.1894595495698603,0.478897802380548,0.0364156316084508,0.1395991225886197,2.1028526101696263,0.100545794,0.93042475,0.0137324153513148,6.200177446332137e-05,1.15390017216696,3.6870703417293806,0.002513705,0.040098652,b'wbc'
154.82558462894275,0.8764200240535048,12.414473684210526,0.0001102238264767,0.4868960470454437,0.043151855,-0.023529053,0.095670442835244,1.7431641,0.020462036,0.2233649789029536,-0.1844287859725895,0.2216637219880756,0.0086739012963661,-0.1934696030223367,1.8991287467948617,0.038651813,0.40309408,0.0077125479045667,8.793707881987347e-06,0.4946983653070675,3.0536149550186047,0.0017537344,0.018256262,b'agg'
68.47963568681428,0.8456297255960791,12.45136186770428,0.0004074573516845,-0.4068494724049219,0.05883789,-0.054901123,0.0929996923019329,1.4140625,-0.053833008,0.11199951171875,-0.183346300153696,0.2123022116575723,0.0063163447193801,-0.3669191716342687,2.037202535834038,0.050481137,0.3562287,0.0142413317461421,3.954181011067704e-05,1.214137187208275,4.1590278224453705,0.0055439333,0.036635492,b'agg'
15.401994185615663,0.9508681600642648,12.48686974789916,0.0001225875595868,0.1296852099564825,0.027450562,-0.023529053,0.1781297061075469,1.5800781,0.008346558,0.1608845338983051,0.4450950884456847,0.3034426905527836,0.0048616341615127,-0.5417016807704321,2.854365795974644,0.08218628,0.43236032,0.0075844210736891,8.807555077818491e-06,0.3896691342314425,2.7652487004869832,0.0018772588,0.015322985,b'agg'
88.28896974708304,0.8615055108631926,12.19124251497006,0.001148853932057,0.1981353778177532,0.105895996,-0.03137207,0.1276427082877275,2.7636719,-0.25610352,0.4842342342342342,0.5609003883758755,0.34240201847282,0.0254745311565227,0.372343870455002,2.6288005747269643,0.033499356,0.754685,0.0205875842157238,7.055477202833594e-05,0.3544561668090935,2.652765287306174,0.0036418014,0.04216402,b'agg'
598.7821431853969,0.7755200238638844,11.802062374245471,0.0018321610649546,-0.3630654282203233,0.13720703,-0.050994873,0.0596737200170846,2.5566406,0.2052002,0.1766112789526686,0.5586984452266271,0.1926982426787286,0.0065363425862753,0.0690362988335735,1.89923759918107,0.03078677,0.3683093,0.0169022846030037,8.196755118240402e-05,1.5395523926710222,6.040175229913802,0.0037021064,0.06063433,b'oof'
17.202842736549194,1.0181265928213103,11.42578125,0.0012145483193277,-0.0241938989617177,0.1607666,0.019607544,0.1652439938036989,1.7783203,-0.23828125,0.227547268907563,0.5760896934076215,0.3279465993245443,0.0053514652893322,-0.3088345724361198,2.1206825038338937,0.15548995,0.45807272,0.0310740788777669,0.0003248920210269,0.9215551259390234,2.733917334276246,0.008306165,0.0769698,b'oof'
15.769272508503429,1.0424242996709563,12.417763157894736,0.0001088370264103,-0.0368618352919957,0.027450562,-0.015686035,0.1690329712715475,1.4248047,-0.029434204,0.1239629424778761,0.3448625874322668,0.2660990263286389,0.0040294855041841,-0.3638695208496197,3.365834122913661,0.081838295,0.3933757,0.0067428021054518,7.73234121847601e-06,0.3700078448071754,2.5307647755274174,0.001580796,0.013676332,b'plt'
18.76673753078094,1.0323454080649774,12.400688559322036,0.0001075288169404,-0.3753257121873199,0.03137207,-0.011764526,0.1333822222486954,1.359375,-0.02406311,0.1361511752136752,0.2259169557034634,0.2639418618153717,0.0038959361039675,-0.6417776260373336,2.8493364578257405,0.10193305,0.37028766,0.0067406559394577,7.485944487186324e-06,0.7533403853816241,2.815376303026046,0.0022493962,0.013563134,b'plt'
18.76673753078094,1.0498427944670523,12.48046875,0.0001337387982536,0.1902479678292359,0.03137207,-0.023529053,0.1559684283750541,1.7714844,0.12634277,0.2058823529411764,0.641851011912472,0.3120696067810058,0.0052012615844983,-0.2690221789453456,2.302534315889395,0.14215387,0.4470324,0.0089094767967859,1.1352414241796282e-05,0.247388402241681,2.4040965335460784,0.0013394387,0.01804053,b'plt'
20.47280457903375,1.080814570067446,12.463662790697674,0.0001212358474731,0.4804713952284516,0.03137207,-0.015686035,0.1592458629290448,2.1367188,0.04522705,0.2978515625,0.7599073318298425,0.3484240095744761,0.0104198185727,-0.06235897726128,2.7817143451491964,0.08831775,0.57928216,0.0079270647477734,7.852646376704797e-06,0.464933364149764,2.709341363816596,0.0020250431,0.014982865,b'plt'
170.60670482528124,0.983194315867797,12.23125,0.0009677558241482,0.9303077880763968,0.113708496,-0.035308838,0.1236061031790775,2.9804688,-0.17346191,0.7610220440881763,0.2517378363178386,0.3320430908203125,0.016234894792637,0.2374993025878952,2.284136077707091,0.067417204,0.62087595,0.0182515773773193,0.0001283846123662,0.7068600935433473,2.6004607695318227,0.0019607386,0.048929516,b'rbc'
156.95816843925874,0.9676561686312968,12.22599164926931,0.0011124231825313,0.2861580215568986,0.09802246,-0.03137207,0.1186618590519143,2.984375,0.029541016,0.5538702928870293,0.4004136808003735,0.3156071226880545,0.0177539402470927,0.2380062070543991,2.500246841750674,0.048222814,0.650998,0.021811547010577,8.923320341309743e-05,0.5012471767684129,2.388173612291599,0.0033535797,0.04656948,b'rbc'
185.1201224232653,0.9423340097713904,12.162162162162163,0.0011314524903288,0.2408277015466032,0.12548828,-0.039215088,0.1087208431479811,2.6464844,-0.21606445,0.5473887814313346,0.1068172247060754,0.3011259277815064,0.0191054298061466,0.2894634170898928,2.1388496182339964,0.028455434,0.5850686,0.0216163079250733,0.0001526034114669,0.8525382325973905,2.998942913802053,0.0035527495,0.058901403,b'rbc'
184.2078504599634,0.777680087688948,12.152061855670102,0.0012509684917355,0.3507500228404288,0.13330078,-0.039215088,0.0900725019636412,2.1992188,-0.15734863,0.3912706611570248,0.1444522292801695,0.2873956739288015,0.0134282427385818,0.194365309980949,2.341020416425272,0.056048103,0.5806385,0.023113771812203,0.0001494005199306,0.9732818148716296,3.338453499947796,0.004745415,0.06038355,b'rbc'
155.5009028355428,0.953233232438804,12.20914502164502,0.001458488679501,0.2229342095946578,0.113708496,-0.039215088,0.1232455971501483,3.3164062,0.011924744,0.7809110629067245,0.6714455049495068,0.3537358535832657,0.0207211624774395,0.1161048945786484,2.318698802349508,0.047819,0.70352674,0.0224398617104534,0.0001126527624637,0.5281080238682627,2.624818253861487,0.0035101585,0.053474832,b'rbc'
192.21688743648352,0.9520689130907362,12.185077519379846,0.0016497269417475,0.3171262345823356,0.13330078,-0.043151855,0.1131324972765663,3.3808594,0.0054359436,0.7553398058252427,0.6954040920621283,0.3323975200800932,0.0204023787118856,0.1465517969264942,2.412982199833879,0.032053474,0.6529462,0.0227694918018902,0.0001296899417071,0.6288695182937862,2.428721969792281,0.004723322,0.05626221,b'rbc'
185.1201224232653,0.977900240190097,12.429245283018869,0.0002207188164579,0.1276684131341718,0.047058105,-0.023529053,0.1407994154766395,3.1503906,-0.11816406,0.947069943289225,0.132031250954671,0.3392123240344929,0.0186234061343908,-0.0443950469133039,2.224558789845965,0.043474767,0.64152145,0.0097011368229704,1.552542196217016e-05,0.7751215032029621,2.9102147434523893,0.0028187237,0.021046676,b'wbc'
412.8682256771806,0.933643723324108,12.299057649667406,0.0004389653856825,-0.3219644510254099,0.06665039,-0.035308838,0.1556006746796453,4.7070312,-0.3161621,2.1320754716981134,0.0771379934521264,0.4050003356256929,0.030206127780656,0.0624918355820408,2.134086581197129,0.059856195,0.7939388,0.0132001466603078,4.127954487398383e-05,1.1908446756732327,4.3010936445897965,0.0020250431,0.036541764,b'wbc'
198.65018193093684,0.9632720638734432,12.441806331471136,0.000160103413596,0.4406497652727296,0.039215088,-0.019607544,0.1457317946917767,3.4238281,-0.056488037,1.2350746268656716,0.1023780051380304,0.3864465070614379,0.0290583923681458,-0.1273530947670292,2.0873011025175607,0.030089116,0.7694199,0.0090347073375623,1.423366353916588e-05,0.7014408129245956,3.346243585962132,0.0019607386,0.021671604,b'wbc'
170.60670482528124,0.9865364954313512,12.464217557251908,0.0001601151708891,-0.2081020948275642,0.035308838,-0.043151855,0.1548537260627482,3.2714844,-0.18676758,1.05736137667304,0.1251988171960717,0.3619010575855051,0.0205431476833715,-0.2118095702590703,2.3539253738463515,0.041914143,0.67849517,0.0086689332059321,1.7894374965253798e-05,1.0512303515826178,3.997578507790588,0.002466911,0.02488652,b'wbc'
131.88846098021048,0.9645073514764018,12.46424485125858,0.0002237022469896,0.1956936528844369,0.047058105,-0.027450562,0.1432640482983946,2.7207031,-0.06695557,0.7821100917431193,0.0321862931029293,0.3359673192353761,0.0221716045239649,-0.1792071868586882,1.8340952758971207,0.05704552,0.6131301,0.0100116958880042,1.74665586476069e-05,0.4011687300386741,2.499432353154152,0.0017353742,0.022086563,b'wbc'
90.04242754667621,0.9723996549111132,12.197231833910037,0.0009248521592881,0.6495995804689243,0.10980224609375,-0.0313720703125,0.2023496964885277,3.376953125,0.8173828125,0.4657118055555556,0.3669729580098937,0.4457082781412197,0.0368986858261956,0.4344129322802783,1.99175567995972,0.1302633434534073,0.8946108818054199,0.0172602775600129,7.652905252244737e-05,0.5389494233656836,2.5974202839598908,0.0036419120151549,0.0411513447761535,b'plt'
83.59728536438783,0.9790045664266877,12.071759259259258,0.0009252838928903,1.1549337083713629,0.1451416015625,-0.0196075439453125,0.2653747358048764,3.6796875,0.9697265625,0.5906133828996283,-0.107823781400681,0.5574440850151909,0.080113577576818,0.1103628478583517,1.6328425885481237,0.0849673002958297,1.0975886583328247,0.0169688366077564,0.0001390378049758,1.3641504154949848,4.815315668798047,0.002021053340286,0.0587701164186,b'rbc'
523.7388884379433,0.4766019921366464,12.124785591766724,0.0013138289304123,0.3994842349462698,0.12158203125,-0.039215087890625,0.074150911515407,3.490234375,-0.25341796875,0.4982817869415807,-0.0635213266939107,0.4569989003202723,0.0548508372093803,-0.0258726167618022,1.821629499150992,0.0062173628248274,0.8927164077758789,0.0202391347999638,0.0001163084533616,0.8694787975835809,3.287760932013968,0.0022636521607637,0.0530581474304199,b'wbc'
90.04242754667621,0.9723996549111132,12.197231833910037,0.0009248521592881,0.6495995804689243,0.10980224609375,-0.0313720703125,0.2023496964885277,3.376953125,0.8173828125,0.4657118055555556,0.3669729580098937,0.4457082781412197,0.0368986858261956,0.4344129322802783,1.99175567995972,0.1302633434534073,0.8946108818054199,0.0172602775600129,7.652905252244737e-05,0.5389494233656836,2.5974202839598908,0.0036419120151549,0.0411513447761535,b'plt'
83.59728536438783,0.9790045664266877,12.071759259259258,0.0009252838928903,1.1549337083713629,0.1451416015625,-0.0196075439453125,0.2653747358048764,3.6796875,0.9697265625,0.5906133828996283,-0.107823781400681,0.5574440850151909,0.080113577576818,0.1103628478583517,1.6328425885481237,0.0849673002958297,1.0975886583328247,0.0169688366077564,0.0001390378049758,1.3641504154949848,4.815315668798047,0.002021053340286,0.0587701164186,b'rbc'
523.7388884379433,0.4766019921366464,12.124785591766724,0.0013138289304123,0.3994842349462698,0.12158203125,-0.039215087890625,0.074150911515407,3.490234375,-0.25341796875,0.4982817869415807,-0.0635213266939107,0.4569989003202723,0.0548508372093803,-0.0258726167618022,1.821629499150992,0.0062173628248274,0.8927164077758789,0.0202391347999638,0.0001163084533616,0.8694787975835809,3.287760932013968,0.0022636521607637,0.0530581474304199,b'wbc'
12206.684624180009,0.8011846664817369,12.498774629938241,6.064620672487745e-06,-0.25081516218791844,0.007843017578125,-0.007843017578125,-0.0004799218545544721,0.092041015625,-0.13671875,0.0009597120098039216,-0.05363978097287386,0.018014274173104965,3.346757269373127e-05,0.7618567193569776,4.003609762844487,0.004260112531483173,0.04811371490359306,0.0023036702872841815,2.484564559862894e-07,-0.30093011000244074,3.9721945547203688,0.0,0.004050086252391338,b'plt'
12206.684624180009,0.8011846664817369,12.469365748456033,0.00018305759803921568,4.885406307572528,0.12158203125,-0.039215087890625,0.0021449639115004773,3.376953125,-0.196044921875,0.1923529411764706,4.760283490857108,0.04505412581621134,0.011038213991651348,5.284904592225826,36.420608955403914,0.0043627116829156876,1.1895332336425781,0.004022703534445918,4.102495371126661e-05,4.432181188214184,24.437421707000254,0.0,0.05792319029569626,b'rbc'
12206.684624180009,0.5606803781969287,12.507210151893867,6.050696739783654e-06,-0.27265514516262895,0.007843017578125,-0.007843017578125,-0.00042498479560979175,0.09075927734375,-0.13671875,0.0008225661057692308,0.0011584266797759887,0.017960570221152633,3.338855046492357e-05,0.8345347491714177,4.1784745018264955,0.00449308892711997,0.047992877662181854,0.00228881450873846,2.552943008665282e-07,-0.2639432136758298,3.706064059352821,0.0,0.004018320236355066,b'wbc'
90.04242754667621,0.9723996549111132,12.197231833910035,0.0009248521592881945,0.6495995804689243,0.10980224609375,-0.0313720703125,0.2023496964885277,3.376953125,0.8173828125,0.4657118055555556,0.3669729580098937,0.4457082781412197,0.03689868582619561,0.4344129322802783,1.99175567995972,0.1302633434534073,0.8946108818054199,0.017260277560012974,7.652905252244737e-05,0.5389494233656836,2.5974202839598908,0.0036419120151549578,0.041151344776153564,b'plt'
83.59728536438783,0.9790045664266875,12.071759259259258,0.0009252838928903345,1.1549337083713627,0.1451416015625,-0.0196075439453125,0.26537473580487647,3.6796875,0.9697265625,0.5906133828996283,-0.10782378140068109,0.5574440850151909,0.08011357757681807,0.11036284785835175,1.6328425885481235,0.08496730029582977,1.0975886583328247,0.016968836607756436,0.00013903780497582873,1.3641504154949848,4.815315668798047,0.0020210533402860165,0.05877011641860008,b'rbc'
523.7388884379433,0.4766019921366464,12.124785591766724,0.0013138289304123712,0.39948423494626983,0.12158203125,-0.039215087890625,0.07415091151540705,3.490234375,-0.25341796875,0.49828178694158076,-0.0635213266939107,0.4569989003202723,0.05485083720938037,-0.025872616761802265,1.8216294991509918,0.006217362824827433,0.8927164077758789,0.02023913479996382,0.00011630845336160299,0.8694787975835809,3.2877609320139674,0.0022636521607637405,0.05305814743041992,b'wbc'
